1 1 0 0 1 0 0 0
0 0 1 0 1 0 0 0
0 1 0 0 1 0 0 0
0 1 0 0 1 0 0 0
0 1 0 0 1 0 0 0
0 1 0 0 1 0 0 0
0 1 0 0 1 0 0 0
0 1 0 0 1 0 0 0
0 1 1 0 1 1 -48 0
0 1 1 0 0 1 -324 16777168
0 0 0 0 0 0 0 0
0 1 0 0 0 1 -888 16776844
0 0 0 0 0 0 0 0
0 1 1 0 0 1 -1728 16775956
0 1 0 0 0 1 -2832 16774228
0 1 1 0 0 1 -4212 16771396
0 1 1 0 0 1 -5856 16767184
0 1 1 0 0 1 -7752 16761328
0 1 0 0 0 1 -9888 16753576
0 1 0 0 0 1 -12276 16743688
0 1 1 0 0 1 -14880 16731412
0 1 0 0 0 1 -17712 16716532
0 1 0 0 0 1 -20748 16698820
0 1 1 0 0 1 -23964 16678072
0 0 1 0 0 0 0 0
0 1 1 0 0 1 -27372 16654108
0 1 1 0 0 1 -30936 16626736
0 1 0 0 0 1 -34644 16595800
0 1 1 0 0 1 -38496 16561156
0 1 1 0 0 1 -42456 16522660
0 1 0 0 0 1 -46512 16480204
0 1 1 0 0 1 -50652 16433692
0 1 1 0 0 1 -54864 16383040
0 0 1 0 0 0 0 0
0 1 1 0 0 1 -59112 16328176
0 1 1 0 0 1 -63396 16269064
0 1 1 0 0 1 -67680 16205668
0 1 1 0 0 1 -71964 16137988
0 1 1 0 0 1 -76212 16066024
0 1 1 0 0 1 -80412 15989812
0 1 1 0 0 1 -84552 15909400
0 1 1 0 0 1 -88620 15824848
0 1 0 0 0 1 -92580 15736228
0 1 0 0 0 1 -96420 15643648
0 1 1 0 1 1 -100200 15547228
0 1 0 0 0 1 -104109 15447028
0 1 1 0 0 1 -108210 15342919
0 0 1 0 0 0 0 0
0 1 0 0 0 1 -112488 15234709
0 1 0 0 0 1 -116904 15122221
0 1 1 0 0 1 -121449 15005317
0 1 1 0 0 1 -126120 14883868
0 1 1 0 0 1 -130866 14757748
0 1 1 0 0 1 -135684 14626882
0 1 1 0 0 1 -140565 14491198
0 1 1 0 0 1 -145464 14350633
0 1 1 0 0 1 -150384 14205169
0 1 0 0 0 1 -155283 14054785
0 1 1 0 0 1 -160143 13899502
0 1 1 0 0 1 -164955 13739359
0 1 1 0 0 1 -169686 13574404
0 1 1 0 0 1 -174321 13404718
0 1 1 0 0 1 -178860 13230397
0 0 1 0 0 0 0 0
0 1 1 0 0 1 -183258 13051537
0 1 0 0 0 1 -187488 12868279
0 1 1 0 0 1 -191559 12680791
0 1 1 0 0 1 -195444 12489232
0 1 1 0 0 1 -199110 12293788
0 1 1 0 0 1 -202569 12094678
0 1 0 0 0 1 -205776 11892109
0 1 1 0 0 1 -208755 11686333
0 1 1 0 0 1 -211449 11477578
0 0 0 0 0 0 0 0
0 1 0 0 0 1 -213879 11266129
0 1 1 0 0 1 -216018 11052250
0 1 1 0 0 1 -217875 10836232
0 1 0 0 0 1 -219429 10618357
0 1 1 0 0 1 -220665 10398928
0 1 1 0 1 1 -221643 10178263
0 1 1 0 0 1 -222534 9956620
0 1 1 0 0 1 -223383 9734086
0 0 1 0 0 0 0 0
0 1 0 0 0 1 -224190 9510703
0 1 1 0 0 1 -224949 9286513
0 0 0 0 0 0 0 0
0 0 0 0 0 0 0 0
0 1 0 0 0 1 -225654 9061564
0 1 1 0 0 1 -226320 8835910
0 1 1 0 0 1 -226902 8609590
0 1 0 0 0 1 -227439 8382688
0 1 1 0 0 1 -227913 8155249
0 1 1 0 0 1 -228324 7927336
0 1 0 0 0 1 -228669 7699012
0 1 1 0 0 1 -228945 7470343
0 1 1 0 0 1 -229155 7241398
0 1 0 0 0 1 -229293 7012243
0 1 0 0 0 1 -229350 6782950
0 1 1 0 0 1 -229350 6553600
0 1 1 0 0 1 -229293 6324250
0 0 1 0 0 0 0 0
0 1 1 0 0 1 -229155 6094957
0 1 0 0 0 1 -228945 5865802
0 1 1 0 0 1 -228669 5636857
0 1 0 0 0 1 -228324 5408188
0 1 1 0 0 1 -227913 5179864
0 1 1 0 0 1 -227439 4951951
0 1 1 0 0 1 -226902 4724512
0 0 0 0 0 0 0 0
0 0 0 0 0 0 0 0
0 0 1 0 0 0 0 0
0 1 1 0 0 1 -226320 4497610
0 1 0 0 0 1 -225654 4271290
0 1 1 0 0 1 -224949 4045636
0 1 1 0 0 1 -224190 3820687
0 1 1 0 0 1 -223383 3596497
0 1 1 0 0 1 -222534 3373114
0 1 1 0 0 1 -221643 3150580
0 1 0 0 1 0 0 0
0 0 1 0 1 0 0 0
0 1 0 0 1 0 0 0
0 0 0 0 1 0 0 0
0 1 1 0 1 1 -220725 2928937
0 1 0 0 0 1 -219834 2708212
0 1 0 0 0 1 -218985 2488378
0 0 0 0 0 0 0 0
0 1 0 0 0 1 -218178 2269393
0 1 0 0 0 1 -217419 2051215
0 1 1 0 0 1 -216714 1833796
0 1 1 0 0 1 -216075 1617082
0 1 1 0 0 1 -215466 1401007
0 1 1 0 0 1 -214929 1185541
0 1 1 0 0 1 -214455 970612
0 1 1 0 0 1 -214044 756157
0 1 1 0 0 1 -213699 542113
0 1 0 0 0 1 -213423 328414
0 1 0 0 0 1 -213213 114991
0 1 0 0 0 1 -213075 16678994
0 1 1 0 0 1 -212991 16465919
0 1 1 0 0 1 -212991 16252928
0 0 0 0 0 0 0 0
0 1 1 0 0 1 -213075 16039937
0 1 1 0 0 1 -213213 15826862
0 1 1 0 0 1 -213423 15613649
0 1 1 0 0 1 -213699 15400226
0 1 1 0 0 1 -214044 15186527
0 1 1 0 0 1 -214455 14972483
0 1 0 0 0 1 -214929 14758028
0 1 1 0 0 1 -215466 14543099
0 0 1 0 0 0 0 0
0 1 1 0 0 1 -216075 14327633
0 1 1 0 0 1 -216714 14111558
0 1 1 0 0 1 -217419 13894844
0 1 1 0 0 1 -218178 13677425
0 1 0 0 0 1 -218985 13459247
0 1 0 0 0 1 -219834 13240262
0 1 1 0 0 1 -220725 13020428
0 1 1 0 1 1 -221643 12799703
0 0 1 0 0 0 0 0
0 1 1 0 0 1 -222534 12578060
0 1 1 0 0 1 -223383 12355526
0 1 1 0 0 1 -224190 12132143
0 0 1 0 0 0 0 0
0 1 1 0 0 1 -224949 11907953
0 1 0 0 0 1 -225654 11683004
0 1 1 0 0 1 -226320 11457350
0 1 1 0 0 1 -226902 11231030
0 1 1 0 0 1 -227439 11004128
0 1 1 0 0 1 -227913 10776689
0 1 1 0 0 1 -228324 10548776
0 1 1 0 0 1 -228669 10320452
0 0 0 0 0 0 0 0
0 1 0 0 0 1 -228945 10091783
0 1 0 0 0 1 -229155 9862838
0 0 1 0 0 0 0 0
0 1 1 0 0 1 -229293 9633683
0 1 0 0 0 1 -229350 9404390
0 0 0 0 0 0 0 0
0 1 0 0 0 1 -229350 9175040
0 1 0 0 0 1 -229293 8945690
0 1 1 0 0 1 -229155 8716397
0 1 0 0 0 1 -228945 8487242
0 1 1 0 0 1 -228669 8258297
0 1 0 0 0 1 -228324 8029628
0 1 1 0 0 1 -227913 7801304
0 0 1 0 0 0 0 0
0 1 1 0 0 1 -227439 7573391
0 1 1 0 0 1 -226902 7345952
0 1 0 0 0 1 -226320 7119050
0 1 0 0 0 1 -225654 6892730
0 1 1 0 0 1 -224949 6667076
0 1 1 0 0 1 -224190 6442127
0 1 1 0 0 1 -223383 6217937
0 0 1 0 0 0 0 0
0 0 1 0 0 0 0 0
0 1 0 0 0 1 -222534 5994554
0 1 0 0 0 1 -221643 5772020
0 1 1 0 1 1 -220725 5550377
0 1 1 0 0 1 -219834 5329652
0 1 1 0 0 1 -218985 5109818
0 1 1 0 0 1 -218178 4890833
0 1 1 0 0 1 -217419 4672655
0 0 0 0 0 0 0 0
0 1 1 0 0 1 -216714 4455236
0 1 1 0 0 1 -216075 4238522
0 0 1 0 0 0 0 0
0 1 1 0 0 1 -215466 4022447
0 0 0 0 0 0 0 0
0 1 1 0 0 1 -214929 3806981
0 0 0 0 0 0 0 0
0 1 0 0 0 1 -214455 3592052
0 1 1 0 0 1 -214044 3377597
0 0 1 0 0 0 0 0
0 1 0 0 0 1 -213699 3163553
0 1 0 0 0 1 -213423 2949854
0 1 1 0 0 1 -213213 2736431
0 1 1 0 0 1 -213075 2523218
0 1 0 0 0 1 -212991 2310143
0 1 1 0 0 1 -212991 2097152
0 1 1 0 0 1 -213075 1884161
0 1 1 0 0 1 -213213 1671086
0 1 1 0 0 1 -213423 1457873
0 0 0 0 0 0 0 0
0 1 1 0 0 1 -213699 1244450
0 1 1 0 0 1 -214044 1030751
0 1 1 0 0 1 -214455 816707
0 0 1 0 0 0 0 0
0 1 1 0 0 1 -214929 602252
0 1 1 0 0 1 -215466 387323
0 1 1 0 0 1 -216075 171857
0 1 0 0 0 1 -216714 16732998
0 1 1 0 0 1 -217419 16516284
0 1 1 0 0 1 -218178 16298865
0 1 1 0 0 1 -218985 16080687
0 1 0 0 0 1 -219834 15861702
0 0 0 0 0 0 0 0
0 0 0 0 0 0 0 0
0 1 1 0 0 1 -220725 15641868
0 1 1 0 1 1 -221643 15421143
0 0 1 0 0 0 0 0
0 1 0 0 0 1 -222534 15199500
0 0 0 0 0 0 0 0
0 1 1 0 0 1 -223383 14976966
0 0 0 0 0 0 0 0
0 1 1 0 0 1 -224190 14753583
0 1 1 0 0 1 -224949 14529393
0 1 1 0 0 1 -225654 14304444
0 0 0 0 0 0 0 0
0 1 1 0 0 1 -226320 14078790
0 1 0 0 0 1 -226902 13852470
0 1 1 0 0 1 -227439 13625568
0 0 0 0 0 0 0 0
0 0 1 0 0 0 0 0
0 1 1 0 0 1 -227913 13398129
0 1 1 0 0 1 -228324 13170216
0 1 0 0 0 1 -228669 12941892
0 1 1 0 0 1 -228945 12713223
0 1 1 0 0 1 -229155 12484278
0 0 1 0 0 0 0 0
0 1 1 0 0 1 -229293 12255123
0 1 0 0 0 1 -229350 12025830
0 1 1 0 0 1 -229350 11796480
0 1 1 0 0 1 -229293 11567130
0 1 1 0 0 1 -229155 11337837
0 0 0 0 0 0 0 0
0 1 0 0 0 1 -228945 11108682
0 1 1 0 0 1 -228669 10879737
0 1 1 0 0 1 -228324 10651068
0 1 0 0 0 1 -227913 10422744
0 1 1 0 0 1 -227439 10194831
0 1 0 0 0 1 -226902 9967392
0 1 1 0 0 1 -226320 9740490
0 0 1 0 0 0 0 0
0 1 1 0 0 1 -225654 9514170
0 0 1 0 0 0 0 0
0 0 1 0 0 0 0 0
0 1 1 0 0 1 -224949 9288516
0 1 0 0 0 1 -224190 9063567
0 1 0 0 0 1 -223383 8839377
0 0 1 0 0 0 0 0
0 0 0 0 0 0 0 0
0 1 1 0 0 1 -222534 8615994
0 1 1 0 0 1 -221643 8393460
0 1 0 0 1 0 0 0
0 1 0 0 1 0 0 0
0 0 1 0 1 0 0 0
0 1 0 0 1 0 0 0
0 1 0 0 1 0 0 0
0 1 1 0 1 1 -220725 8171817
0 1 1 0 0 1 -219834 7951092
0 1 0 0 0 1 -218985 7731258
0 1 0 0 0 1 -218178 7512273
0 0 1 0 0 0 0 0
0 1 1 0 0 1 -217419 7294095
0 1 0 0 0 1 -216714 7076676
0 1 0 0 0 1 -216075 6859962
0 1 1 0 0 1 -215466 6643887
0 0 1 0 0 0 0 0
0 1 1 0 0 1 -214929 6428421
0 1 1 0 0 1 -214455 6213492
0 1 0 0 0 1 -214044 5999037
0 1 1 0 0 1 -213699 5784993
0 1 0 0 0 1 -213423 5571294
0 1 1 0 0 1 -213213 5357871
0 0 1 0 0 0 0 0
0 1 0 0 0 1 -213075 5144658
0 1 1 0 0 1 -212991 4931583
0 1 1 0 0 1 -212991 4718592
0 1 1 0 0 1 -213075 4505601
0 1 1 0 0 1 -213213 4292526
0 1 0 0 0 1 -213423 4079313
0 1 1 0 0 1 -213699 3865890
0 1 1 0 0 1 -214044 3652191
0 1 1 0 0 1 -214455 3438147
0 1 0 0 0 1 -214929 3223692
0 1 1 0 0 1 -215466 3008763
0 1 1 0 0 1 -216075 2793297
0 0 1 0 0 0 0 0
0 1 1 0 0 1 -216714 2577222
0 0 1 0 0 0 0 0
0 1 1 0 0 1 -217419 2360508
0 1 1 0 0 1 -218178 2143089
0 1 0 0 0 1 -218985 1924911
0 1 1 0 0 1 -219834 1705926
0 1 0 0 0 1 -220725 1486092
0 1 0 0 1 0 0 0
0 1 1 0 1 1 -221643 1265367
0 1 1 0 0 1 -222534 1043724
0 1 1 0 0 1 -223383 821190
0 1 1 0 0 1 -224190 597807
0 1 1 0 0 1 -224949 373617
0 1 1 0 0 1 -225654 148668
0 1 0 0 0 1 -226320 16700230
0 1 0 0 0 1 -226902 16473910
0 1 1 0 0 1 -227439 16247008
0 1 0 0 0 1 -227913 16019569
0 1 1 0 0 1 -228324 15791656
0 0 1 0 0 0 0 0
0 1 1 0 0 1 -228669 15563332
0 1 0 0 0 1 -228945 15334663
0 1 0 0 0 1 -229155 15105718
0 1 1 0 0 1 -229293 14876563
0 1 1 0 0 1 -229350 14647270
0 1 1 0 0 1 -229350 14417920
0 1 1 0 0 1 -229293 14188570
0 1 0 0 0 1 -229155 13959277
0 1 1 0 0 1 -228945 13730122
0 1 0 0 0 1 -228669 13501177
0 1 1 0 0 1 -228324 13272508
0 1 1 0 0 1 -227913 13044184
0 1 1 1 0 1 -227439 12816271
0 1 1 2 0 1 -226902 12588832
0 1 0 2 0 1 -226320 12361930
0 1 0 2 0 1 -225654 12135610
0 1 1 2 0 1 -224949 11909956
0 1 1 3 0 1 -224190 11685007
0 1 1 0 0 1 -223383 11460817
0 1 0 3 0 1 -222534 11237434
0 1 1 1 0 1 -221643 11014900
0 0 1 1 1 0 0 0
0 0 1 3 1 0 0 0
0 1 1 2 1 1 -220645 10793257
0 1 1 3 0 1 -219294 10572612
0 0 0 2 0 0 0 0
0 1 0 3 0 1 -217505 10353318
0 1 1 0 0 1 -215298 10135813
0 1 0 3 0 1 -212699 9920515
0 1 0 1 0 1 -209694 9707816
0 0 1 2 0 0 0 0
0 1 1 2 0 1 -206315 9498122
0 1 0 2 0 1 -202546 9291807
0 1 0 3 0 1 -198449 9089261
0 1 0 2 0 1 -193995 8890812
0 0 0 2 0 0 0 0
0 1 1 1 0 1 -189244 8696817
0 1 1 1 0 1 -184179 8507573
0 1 0 2 0 1 -178843 8323394
0 0 1 1 0 0 0 0
0 1 1 1 0 1 -173273 8144551
0 0 0 3 0 0 0 0
0 1 1 0 0 1 -167455 7971278
0 1 1 0 0 1 -161431 7803823
0 0 1 3 0 0 0 0
0 1 1 3 0 1 -155251 7642392
0 0 1 2 0 0 0 0
0 1 1 2 0 1 -148915 7487141
0 0 1 2 0 0 0 0
0 1 0 3 0 1 -142453 7338226
0 1 0 3 0 1 -135903 7195773
0 1 0 0 0 1 -129279 7059870
0 1 0 2 0 1 -122604 6930591
0 1 1 3 0 1 -115935 6807987
0 1 1 2 0 1 -109269 6692052
0 1 0 2 0 1 -102666 6582783
0 1 1 2 0 1 -96135 6480117
0 1 1 0 0 1 -89694 6383982
0 1 1 2 0 1 -83399 6294288
0 1 1 1 0 1 -77258 6210889
0 1 1 1 0 1 -71285 6133631
0 1 0 1 0 1 -65534 6062346
0 1 1 0 0 1 -60025 5996812
0 1 1 3 1 1 -54647 5936787
0 1 1 1 0 1 -49046 5882140
0 1 1 0 0 1 -43107 5833094
0 1 1 2 0 1 -36854 5789987
0 1 0 1 0 1 -30345 5753133
0 1 1 2 0 1 -23590 5722788
0 1 0 2 0 1 -16608 5699198
0 1 0 1 0 1 -9438 5682590
0 1 1 3 0 1 -2123 5673152
0 1 0 1 0 1 5339 5671029
0 1 0 3 0 1 12876 5676368
0 1 1 2 0 1 20495 5689244
0 1 1 2 0 1 28131 5709739
0 1 1 1 0 1 35753 5737870
0 1 1 3 0 1 43351 5773623
0 0 1 0 0 0 0 0
0 1 0 1 0 1 50882 5816974
0 0 1 2 0 0 0 0
0 1 1 0 0 1 58298 5867856
0 0 1 1 0 0 0 0
0 1 1 0 0 1 65599 5926154
0 1 0 2 0 1 72737 5991753
0 1 1 0 0 1 79659 6064490
0 1 1 0 0 1 86375 6144149
0 0 1 3 0 0 0 0
0 1 0 0 0 1 92844 6230524
0 1 1 0 0 1 99011 6323368
0 1 1 2 0 1 104893 6422379
0 1 1 0 0 1 110418 6527272
0 0 1 2 0 0 0 0
0 0 1 3 0 0 0 0
0 1 1 0 0 1 115608 6637690
0 0 1 1 0 0 0 0
0 1 1 0 0 1 120410 6753298
0 1 0 3 0 1 124815 6873708
0 1 0 2 0 1 128794 6998523
0 1 0 1 0 1 132357 7127317
0 1 1 3 0 1 135466 7259674
0 1 0 1 0 1 138097 7395140
0 1 1 1 1 1 140295 7533237
0 1 1 1 0 1 142144 7673532
0 1 1 1 0 1 143655 7815676
0 0 1 2 0 0 0 0
0 1 1 1 0 1 144838 7959331
0 1 0 0 0 1 145689 8104169
0 1 1 2 0 1 146184 8249858
0 1 1 2 0 1 146345 8396042
0 1 0 3 0 1 146146 8542387
0 1 1 2 0 1 145619 8688533
0 1 1 2 0 1 144735 8834152
0 1 1 1 0 1 143524 8978887
0 1 1 0 0 1 141969 9122411
0 1 1 0 0 1 140083 9264380
0 1 1 1 0 1 137893 9404463
0 1 1 0 0 1 135375 9542356
0 1 0 3 0 1 132561 9677731
0 0 1 3 0 0 0 0
0 1 1 2 0 1 129471 9810292
0 1 1 2 0 1 126105 9939763
0 0 0 2 0 0 0 0
0 1 1 2 0 1 122483 10065868
0 0 0 2 0 0 0 0
0 1 1 1 0 1 118613 10188351
0 1 0 1 0 1 114519 10306964
0 1 1 1 0 1 110204 10421483
0 1 1 3 0 1 105705 10531687
0 0 1 2 0 0 0 0
0 0 1 2 0 0 0 0
0 0 0 3 0 0 0 0
0 1 1 1 0 1 101029 10637392
0 0 1 3 0 0 0 0
0 1 0 2 0 1 96206 10738421
0 1 1 2 0 1 91255 10834627
0 1 1 1 0 1 86184 10925882
0 1 0 2 0 1 81039 11012066
0 1 1 2 0 1 75818 11093105
0 1 1 1 0 1 70545 11168923
0 1 1 1 0 1 65264 11239468
0 1 1 0 0 1 59985 11304732
0 1 1 2 1 1 54711 11364717
0 1 1 0 0 1 49478 11419428
0 1 1 3 0 1 44291 11468906
0 1 1 2 0 1 39158 11513197
0 1 0 3 0 1 34121 11552355
0 1 1 3 0 1 29206 11586476
0 1 0 3 0 1 24416 11615682
0 1 1 0 0 1 19774 11640098
0 1 0 2 0 1 15307 11659872
0 1 1 1 0 1 11029 11675179
0 1 0 2 0 1 6964 11686208
0 1 0 2 0 1 3121 11693172
0 1 1 1 0 1 -467 11696293
0 1 1 2 0 1 -3801 11695826
0 1 1 1 0 1 -6855 11692025
0 1 1 2 0 1 -9634 11685170
0 1 0 1 0 1 -12106 11675536
0 1 1 1 0 1 -14271 11663430
0 1 1 2 0 1 -16129 11649159
0 1 1 2 0 1 -17643 11633030
0 1 1 3 0 1 -18839 11615387
0 1 0 3 0 1 -19692 11596548
0 1 1 1 0 1 -20195 11576856
0 1 1 3 0 1 -20365 11556661
0 1 1 3 0 1 -20178 11536296
0 1 0 2 0 1 -19656 11516118
0 1 1 0 0 1 -18794 11496462
0 1 1 1 0 1 -17599 11477668
0 1 0 3 0 1 -16058 11460069
0 1 1 0 0 1 -14197 11444011
0 1 0 1 0 1 -12026 11429814
0 0 0 1 0 0 0 0
0 1 0 1 0 1 -9537 11417788
0 1 1 3 1 1 -6735 11408251
0 1 1 0 0 1 -3602 11401516
0 1 1 2 0 1 -115 11397914
0 1 1 0 0 1 3706 11397799
0 1 1 0 0 1 7823 11401505
0 0 1 2 0 0 0 0
0 1 1 3 0 1 12238 11409328
0 1 1 2 0 1 16935 11421566
0 0 0 0 0 0 0 0
0 1 1 0 0 1 21882 11438501
0 1 1 2 0 1 27053 11460383
0 0 0 2 0 0 0 0
0 0 1 0 0 0 0 0
0 1 0 2 0 1 32455 11487436
0 0 1 0 0 0 0 0
0 1 0 0 0 1 38028 11519891
0 1 1 0 0 1 43783 11557919
0 1 0 2 0 1 49671 11601702
0 1 1 0 0 1 55661 11651373
0 1 1 1 0 1 61755 11707034
0 1 1 2 0 1 67907 11768789
0 1 1 0 0 1 74087 11836696
0 1 0 2 0 1 80295 11910783
0 1 1 2 0 1 86481 11991078
0 1 0 3 0 1 92611 12077559
0 1 1 3 0 1 98683 12170170
0 1 1 1 0 1 104668 12268853
0 1 1 2 0 1 110515 12373521
0 0 1 2 0 0 0 0
0 1 1 1 0 1 116233 12484036
0 0 1 1 0 0 0 0
0 0 0 2 0 0 0 0
0 0 0 1 0 0 0 0
0 1 1 0 0 1 121762 12600269
0 1 1 3 0 1 127115 12722031
0 1 1 3 0 1 132238 12849146
0 1 0 3 0 1 137123 12981384
0 1 1 3 0 1 141746 13118507
0 1 1 0 0 1 146105 13260253
0 0 1 1 0 0 0 0
0 1 0 2 0 1 150158 13406358
0 1 0 0 0 1 153885 13556516
0 1 1 2 1 1 157331 13710401
0 1 1 1 0 1 160598 13867732
0 0 1 1 0 0 0 0
0 0 1 0 0 0 0 0
0 1 0 2 0 1 163711 14028330
0 1 1 0 0 1 166670 14192041
0 1 1 0 0 1 169453 14358711
0 1 0 0 0 1 172038 14528164
0 0 1 1 0 0 0 0
0 0 1 1 0 0 0 0
0 1 0 1 0 1 174440 14700202
0 1 1 0 0 1 176614 14874642
0 1 0 2 0 1 178583 15051256
0 1 1 0 0 1 180321 15229839
0 1 0 3 0 1 181828 15410160
0 1 1 3 0 1 183093 15591988
0 1 1 1 0 1 184105 15775081
0 1 1 3 0 1 184875 15959186
0 1 1 2 0 1 185381 16144061
0 1 0 2 0 1 185630 16329442
0 1 1 2 0 1 185630 16515072
0 1 1 1 0 1 185381 16700702
0 0 0 1 0 0 0 0
0 1 1 1 0 1 184875 108867
0 0 1 0 0 0 0 0
0 0 1 1 0 0 0 0
0 1 1 1 0 1 184105 293742
0 1 1 2 0 1 183093 477847
0 1 1 2 0 1 181828 660940
0 1 1 3 0 1 180321 842768
0 1 0 0 0 1 178583 1023089
0 1 1 0 0 1 176614 1201672
0 1 1 3 0 1 174440 1378286
0 1 1 3 0 1 172038 1552726
0 1 1 1 0 1 169453 1724764
0 1 1 3 0 1 166670 1894217
0 0 1 3 0 0 0 0
0 1 1 0 0 1 163711 2060887
0 1 1 1 0 1 160598 2224598
0 0 1 3 0 0 0 0
0 1 1 0 0 1 157331 2385196
0 0 1 2 1 0 0 0
0 0 1 1 1 0 0 0
0 1 1 1 1 1 153885 2542527
0 1 0 1 0 1 150158 2696412
0 1 1 1 0 1 146105 2846570
0 1 0 0 0 1 141746 2992675
0 0 1 2 0 0 0 0
0 1 1 2 0 1 137123 3134421
0 1 0 3 0 1 132238 3271544
0 1 1 3 0 1 127115 3403782
0 1 1 3 0 1 121762 3530897
0 1 1 0 0 1 116233 3652659
0 1 1 2 0 1 110515 3768892
0 1 1 2 0 1 104668 3879407
0 1 1 0 0 1 98683 3984075
0 0 1 2 0 0 0 0
0 1 1 3 0 1 92611 4082758
0 0 1 1 0 0 0 0
0 1 1 1 0 1 86481 4175369
0 1 1 0 0 1 80295 4261850
0 1 0 1 0 1 74087 4342145
0 1 1 2 0 1 67907 4416232
0 1 1 0 0 1 61755 4484139
0 0 0 3 0 0 0 0
0 1 1 1 0 1 55661 4545894
0 1 1 2 0 1 49671 4601555
0 1 1 1 0 1 43783 4651226
0 1 1 0 0 1 38028 4695009
0 1 1 3 0 1 32455 4733037
0 1 1 3 0 1 27053 4765492
0 1 1 3 0 1 21882 4792545
0 1 1 0 0 1 16935 4814427
0 1 1 2 0 1 12238 4831362
0 1 0 0 0 1 7823 4843600
0 1 0 2 0 1 3706 4851423
0 1 0 2 0 1 -115 4855129
0 1 1 2 0 1 -3602 4855014
0 0 1 1 0 0 0 0
0 1 0 1 0 1 -6735 4851412
0 0 0 0 1 0 0 0
0 1 1 1 1 1 -9601 4844677
0 1 1 0 0 1 -12458 4835076
0 1 1 2 0 1 -15381 4822618
0 1 1 3 0 1 -18362 4807237
0 1 0 0 0 1 -21375 4788875
0 0 1 3 0 0 0 0
0 1 1 3 0 1 -24410 4767500
0 1 1 2 0 1 -27464 4743090
0 1 1 1 0 1 -30514 4715626
0 1 1 3 0 1 -33549 4685112
0 1 1 3 0 1 -36563 4651563
0 1 0 1 0 1 -39532 4615000
0 1 0 3 0 1 -42455 4575468
0 1 1 2 0 1 -45307 4533013
0 1 1 2 0 1 -48081 4487706
0 1 1 1 0 1 -50767 4439625
0 1 1 3 0 1 -53354 4388858
0 0 1 0 0 0 0 0
0 1 0 0 0 1 -55826 4335504
0 1 0 3 0 1 -58183 4279678
0 1 1 3 0 1 -60409 4221495
0 0 1 2 0 0 0 0
0 1 0 2 0 1 -62483 4161086
0 1 1 1 0 1 -64415 4098603
0 0 1 0 0 0 0 0
0 1 1 1 0 1 -66188 4034188
0 1 1 1 0 1 -67787 3968000
0 1 1 2 0 1 -69221 3900213
0 1 1 1 0 1 -70466 3830992
0 1 1 1 0 1 -71536 3760526
0 1 1 1 0 1 -72410 3688990
0 1 0 1 0 1 -73095 3616580
0 1 1 0 0 1 -73578 3543485
0 1 1 0 0 1 -73869 3469907
0 1 1 1 0 1 -73962 3396038
0 1 1 1 0 1 -73849 3322076
0 1 1 2 1 1 -73535 3248227
0 0 1 3 0 0 0 0
0 1 0 3 0 1 -73008 3174692
0 0 0 3 0 0 0 0
0 1 0 2 0 1 -72255 3101684
0 0 1 2 0 0 0 0
0 0 1 2 0 0 0 0
0 1 1 2 0 1 -71286 3029429
0 0 1 2 0 0 0 0
0 1 0 3 0 1 -70113 2958143
0 1 1 0 0 1 -68728 2888030
0 1 1 2 0 1 -67145 2819302
0 1 1 3 0 1 -65362 2752157
0 1 1 1 0 1 -63403 2686795
0 0 1 3 0 0 0 0
0 1 0 2 0 1 -61255 2623392
0 1 1 2 0 1 -58948 2562137
0 1 1 0 0 1 -56473 2503189
0 1 0 3 0 1 -53851 2446716
0 1 0 0 0 1 -51101 2392865
0 0 0 1 0 0 0 0
0 1 0 0 0 1 -48215 2341764
0 0 1 3 0 0 0 0
0 1 1 3 0 1 -45217 2293549
0 1 1 3 0 1 -42127 2248332
0 1 0 3 0 1 -38945 2206205
0 1 1 1 0 1 -35691 2167260
0 1 1 3 0 1 -32381 2131569
0 1 0 2 0 1 -29023 2099188
0 0 1 0 0 0 0 0
0 1 1 3 0 1 -25628 2070165
0 1 1 1 0 1 -22225 2044537
0 1 1 0 0 1 -18813 2022312
0 1 1 0 0 1 -15422 2003499
0 1 0 2 0 1 -12055 1988077
0 1 1 2 0 1 -8728 1976022
0 1 1 2 0 1 -5463 1967294
0 0 0 0 0 0 0 0
0 1 1 3 0 1 -2266 1961831
0 1 0 2 0 1 855 1959565
0 1 1 2 0 1 3872 1960420
0 1 0 0 0 1 6775 1964292
0 1 1 3 1 1 9633 1971067
0 1 0 1 0 1 12674 1980700
0 1 1 1 0 1 15973 1993374
0 1 1 1 0 1 19514 2009347
0 1 1 0 0 1 23263 2028861
0 1 1 0 0 1 27218 2052124
0 0 1 2 0 0 0 0
0 1 1 1 0 1 31368 2079342
0 1 0 1 0 1 35682 2110710
0 1 0 3 0 1 40141 2146392
0 1 0 2 0 1 44747 2186533
0 1 1 0 0 1 49452 2231280
0 1 0 1 0 1 54263 2280732
0 1 1 0 0 1 59139 2334995
0 1 1 1 0 1 64057 2394134
0 1 0 1 0 1 69015 2458191
0 1 1 1 0 1 73978 2527206
0 1 1 1 0 1 78922 2601184
0 1 1 0 0 1 83847 2680106
0 1 1 1 0 1 88713 2763953
0 1 1 1 0 1 93491 2852666
0 1 0 3 0 1 98183 2946157
0 0 1 1 0 0 0 0
0 0 1 1 0 0 0 0
0 0 1 0 0 0 0 0
0 1 1 2 0 1 102764 3044340
0 1 1 2 0 1 107195 3147104
0 1 0 3 0 1 111485 3254299
0 1 1 1 0 1 115586 3365784
0 1 1 2 0 1 119512 3481370
0 1 1 3 0 1 123218 3600882
0 1 0 2 0 1 126703 3724100
0 0 1 2 0 0 0 0
0 1 0 2 0 1 129946 3850803
0 1 1 1 0 1 132949 3980749
0 1 1 2 0 1 135682 4113698
0 1 0 3 0 1 138129 4249380
0 1 1 0 1 1 140255 4387509
0 1 0 1 0 1 141874 4527764
0 1 1 2 0 1 142915 4669638
0 1 1 0 0 1 143398 4812553
0 0 1 3 0 0 0 0
0 0 1 2 0 0 0 0
0 0 1 0 0 0 0 0
0 1 1 2 0 1 143329 4955951
0 1 1 0 0 1 142674 5099280
0 1 0 0 0 1 141465 5241954
0 1 1 0 0 1 139686 5383419
0 0 1 2 0 0 0 0
0 1 0 2 0 1 137379 5523105
0 1 1 0 0 1 134505 5660484
0 1 1 2 0 1 131124 5794989
0 0 1 1 0 0 0 0
0 1 0 2 0 1 127209 5926113
0 1 0 0 0 1 122793 6053322
0 0 0 3 0 0 0 0
0 0 1 1 0 0 0 0
0 1 0 0 0 1 117923 6176115
0 1 0 3 0 1 112565 6294038
0 1 0 2 0 1 106781 6406603
0 1 1 2 0 1 100601 6513384
0 1 0 1 0 1 94025 6613985
0 1 0 3 0 1 87103 6708010
0 1 1 3 0 1 79853 6795113
0 1 0 1 0 1 72309 6874966
0 1 1 0 0 1 64484 6947275
0 1 1 1 0 1 56445 7011759
0 1 0 1 0 1 48199 7068204
0 1 1 2 0 1 39806 7116403
0 1 1 3 0 1 31285 7156209
0 0 1 1 0 0 0 0
0 1 1 3 0 1 22674 7187494
0 1 0 0 0 1 14029 7210168
0 1 1 1 0 1 5358 7224197
0 1 1 3 0 1 -3305 7229555
0 0 1 3 0 0 0 0
0 1 1 0 0 1 -11886 7226250
0 1 1 3 0 1 -20365 7214364
0 1 0 1 1 0 0 0
0 1 1 0 1 1 -28803 7193999
0 1 0 3 0 1 -37374 7165196
0 1 1 1 0 1 -46143 7127822
0 1 1 1 0 1 -55086 7081679
0 0 0 3 0 0 0 0
0 0 0 1 0 0 0 0
0 0 1 2 0 0 0 0
0 0 0 2 0 0 0 0
0 0 1 2 0 0 0 0
0 1 1 0 0 1 -64125 7026593
0 1 1 2 0 1 -73230 6962468
0 0 0 0 0 0 0 0
0 1 1 2 0 1 -82392 6889238
0 0 1 1 0 0 0 0
0 1 1 0 0 1 -91542 6806846
0 1 1 0 0 1 -100647 6715304
0 1 1 1 0 1 -109689 6614657
0 0 0 3 0 0 0 0
0 1 0 1 0 1 -118596 6504968
0 1 1 2 0 1 -127365 6386372
0 1 1 0 0 1 -135921 6259007
0 1 0 0 0 1 -144243 6123086
0 1 0 3 0 1 -152301 5978843
0 1 0 3 0 1 -160062 5826542
0 1 0 3 0 1 -167478 5666480
0 1 1 0 0 1 -174549 5499002
0 0 0 1 0 0 0 0
0 1 1 3 0 1 -181227 5324453
0 1 1 3 0 1 -187449 5143226
0 1 1 3 0 1 -193245 4955777
0 1 1 2 0 1 -198564 4762532
0 0 1 3 0 0 0 0
0 1 0 0 0 1 -203361 4563968
0 1 0 2 0 1 -207663 4360607
0 1 1 3 0 1 -211398 4152944
0 1 0 2 0 1 -214608 3941546
0 1 1 1 0 1 -217230 3726938
0 1 0 2 0 1 -219285 3509708
0 1 1 2 0 1 -220734 3290423
0 1 1 0 0 1 -221607 3069689
0 0 1 3 0 0 0 0
0 0 1 1 0 0 0 0
0 1 1 0 0 1 -221886 2848082
0 1 1 2 0 1 -221547 2626196
0 1 1 2 1 1 -220645 2404649
0 1 1 2 0 1 -219294 2184004
0 1 1 3 0 1 -217505 1964710
0 1 1 3 0 1 -215298 1747205
0 0 0 1 0 0 0 0
0 1 1 0 0 1 -212699 1531907
0 0 1 1 0 0 0 0
0 1 0 3 0 1 -209694 1319208
0 1 1 1 0 1 -206315 1109514
0 1 1 2 0 1 -202546 903199
0 1 1 3 0 1 -198449 700653
0 1 1 3 0 1 -193995 502204
0 1 1 3 0 1 -189244 308209
0 1 1 1 0 1 -184179 118965
0 1 1 2 0 1 -178843 16712002
0 0 1 1 0 0 0 0
0 1 0 0 0 1 -173273 16533159
0 0 1 0 0 0 0 0
0 0 1 0 0 0 0 0
0 1 1 3 0 1 -167455 16359886
0 1 1 3 0 1 -161431 16192431
0 1 1 3 0 1 -155251 16031000
0 0 1 3 0 0 0 0
0 1 0 2 0 1 -148915 15875749
0 1 1 0 0 1 -142453 15726834
0 1 0 2 0 1 -135903 15584381
0 1 0 0 0 1 -129279 15448478
0 0 0 3 0 0 0 0
0 1 1 0 0 1 -122604 15319199
0 1 0 3 0 1 -115935 15196595
0 0 0 1 0 0 0 0
0 1 0 1 0 1 -109269 15080660
0 1 0 2 0 1 -102666 14971391
0 1 1 1 0 1 -96135 14868725
0 1 1 0 0 1 -89694 14772590
0 1 1 0 0 1 -83399 14682896
0 1 0 1 0 1 -77258 14599497
0 1 1 2 0 1 -71285 14522239
0 1 0 0 0 1 -65534 14450954
0 1 0 3 0 1 -60025 14385420
0 1 0 2 1 0 0 0
0 0 1 1 1 0 0 0
0 1 1 1 1 1 -54711 14325395
0 0 1 2 0 0 0 0
0 1 1 2 0 1 -49478 14270684
0 0 1 3 0 0 0 0
0 1 1 0 0 1 -44291 14221206
0 1 1 0 0 1 -39158 14176915
0 1 1 1 0 1 -34121 14137757
0 1 0 1 0 1 -29206 14103636
0 1 1 3 0 1 -24416 14074430
0 1 0 0 0 1 -19774 14050014
0 1 1 1 0 1 -15307 14030240
0 1 1 1 0 1 -11029 14014933
0 1 1 1 0 1 -6964 14003904
0 0 1 3 0 0 0 0
0 1 0 2 0 1 -3121 13996940
0 1 1 1 0 1 467 13993819
0 0 1 3 0 0 0 0
0 1 1 2 0 1 3801 13994286
0 1 1 1 0 1 6855 13998087
0 1 1 3 0 1 9634 14004942
0 1 1 2 0 1 12106 14014576
0 1 1 2 0 1 14271 14026682
0 0 1 0 0 0 0 0
0 1 0 2 0 1 16129 14040953
0 1 1 3 0 1 17643 14057082
0 1 1 1 0 1 18839 14074725
0 1 1 3 0 1 19692 14093564
0 1 1 2 0 1 20195 14113256
0 0 1 1 0 0 0 0
0 0 1 3 0 0 0 0
0 1 1 2 0 1 20365 14133451
0 1 1 1 0 1 20178 14153816
0 1 0 0 0 1 19656 14173994
0 0 0 1 0 0 0 0
0 1 1 0 0 1 18794 14193650
0 0 1 3 0 0 0 0
0 1 0 1 0 1 17599 14212444
0 1 1 3 0 1 16058 14230043
0 1 1 0 0 1 14197 14246101
0 1 0 1 0 1 12026 14260298
0 0 0 3 0 0 0 0
0 1 0 3 0 1 9537 14272324
0 1 1 1 1 1 6775 14281861
0 1 1 1 0 1 3872 14288636
0 1 1 2 0 1 855 14292508
0 1 0 1 0 1 -2266 14293363
0 1 1 0 0 1 -5463 14291097
0 1 0 0 0 1 -8728 14285634
0 1 1 3 0 1 -12055 14276906
0 1 0 2 0 1 -15422 14264851
0 1 1 1 0 1 -18813 14249429
0 1 1 0 0 1 -22225 14230616
0 1 1 1 0 1 -25628 14208391
0 1 1 2 0 1 -29023 14182763
0 1 1 0 0 1 -32381 14153740
0 1 1 2 0 1 -35691 14121359
0 1 0 3 0 1 -38945 14085668
0 0 1 3 0 0 0 0
0 1 0 1 0 1 -42127 14046723
0 0 1 0 0 0 0 0
0 0 1 3 0 0 0 0
0 1 1 1 0 1 -45217 14004596
0 1 0 0 0 1 -48215 13959379
0 1 1 2 0 1 -51101 13911164
0 1 1 0 0 1 -53851 13860063
0 1 1 0 0 1 -56473 13806212
0 1 0 0 0 1 -58948 13749739
0 0 1 1 0 0 0 0
0 1 1 0 0 1 -61255 13690791
0 1 1 1 0 1 -63403 13629536
0 1 1 1 0 1 -65362 13566133
0 1 1 3 0 1 -67145 13500771
0 1 1 0 0 1 -68728 13433626
0 1 1 2 0 1 -70113 13364898
0 1 1 1 0 1 -71286 13294785
0 0 1 3 0 0 0 0
0 1 1 3 0 1 -72255 13223499
0 1 0 3 0 1 -73008 13151244
0 1 1 3 0 1 -73535 13078236
0 0 1 0 1 0 0 0
0 1 1 0 1 1 -73913 13004701
0 1 1 2 0 1 -74394 12930788
0 1 1 3 0 1 -75053 12856394
0 1 0 2 0 1 -75882 12781341
0 1 1 0 0 1 -76871 12705459
0 0 1 0 0 0 0 0
0 1 1 0 0 1 -78026 12628588
0 1 1 2 0 1 -79344 12550562
0 0 0 1 0 0 0 0
0 1 0 2 0 1 -80802 12471218
0 1 0 1 0 1 -82405 12390416
0 1 1 1 0 1 -84155 12308011
0 1 1 1 0 1 -86028 12223856
0 1 1 0 0 1 -88031 12137828
0 1 1 1 0 1 -90147 12049797
0 1 0 1 0 1 -92361 11959650
0 1 0 2 0 1 -94679 11867289
0 1 0 0 0 1 -97074 11772610
0 1 0 3 0 1 -99546 11675536
0 1 1 3 0 1 -102095 11575990
0 1 0 3 0 1 -104689 11473895
0 1 1 0 0 1 -107323 11369206
0 1 1 0 0 1 -109991 11261883
0 0 0 0 0 0 0 0
0 1 1 3 0 1 -112684 11151892
0 1 1 3 0 1 -115379 11039208
0 1 1 2 0 1 -118077 10923829
0 1 1 1 0 1 -120754 10805752
0 1 1 3 0 1 -123416 10684998
0 0 1 1 0 0 0 0
0 1 0 0 0 1 -126026 10561582
0 1 1 3 0 1 -128591 10435556
0 1 1 2 0 1 -131098 10306965
0 1 1 2 0 1 -133541 10175867
0 1 1 3 0 1 -135898 10042326
0 1 0 3 0 1 -138161 9906428
0 1 1 2 1 1 -140295 9768267
0 1 1 3 0 1 -142144 9627972
0 1 0 0 0 1 -143655 9485828
0 1 1 2 0 1 -144838 9342173
0 1 0 2 0 1 -145689 9197335
0 1 0 0 0 1 -146184 9051646
0 1 0 3 0 1 -146345 8905462
0 1 1 1 0 1 -146146 8759117
0 0 1 2 0 0 0 0
0 1 1 0 0 1 -145619 8612971
0 1 1 0 0 1 -144735 8467352
0 1 1 3 0 1 -143524 8322617
0 1 1 2 0 1 -141969 8179093
0 1 1 0 0 1 -140083 8037124
0 0 0 3 0 0 0 0
0 1 1 0 0 1 -137893 7897041
0 1 1 1 0 1 -135375 7759148
0 0 0 0 0 0 0 0
0 0 1 2 0 0 0 0
0 1 1 1 0 1 -132561 7623773
0 1 0 3 0 1 -129471 7491212
0 1 1 3 0 1 -126105 7361741
0 1 1 2 0 1 -122483 7235636
0 1 1 3 0 1 -118613 7113153
0 1 1 0 0 1 -114519 6994540
0 1 1 0 0 1 -110204 6880021
0 1 1 2 0 1 -105705 6769817
0 1 1 1 0 1 -101029 6664112
0 1 1 3 0 1 -96206 6563083
0 0 1 0 0 0 0 0
0 1 1 1 0 1 -91255 6466877
0 0 1 0 0 0 0 0
0 1 0 1 0 1 -86184 6375622
0 1 0 1 0 1 -81039 6289438
0 1 0 3 0 1 -75818 6208399
0 1 0 3 0 1 -70545 6132581
0 1 0 3 0 1 -65264 6062036
0 1 1 1 0 1 -59985 5996772
0 0 0 2 1 0 0 0
0 1 1 0 1 1 -54743 5936787
0 1 1 2 0 1 -49694 5882044
0 0 0 2 0 0 0 0
0 1 1 0 0 1 -44883 5832350
0 1 0 3 0 1 -40310 5787467
0 0 1 1 0 0 0 0
0 0 0 1 0 0 0 0
0 1 1 0 0 1 -36009 5747157
0 1 1 1 0 1 -32014 5711148
0 0 1 3 0 0 0 0
0 1 1 1 0 1 -28320 5679134
0 1 1 1 0 1 -24942 5650814
0 0 0 0 0 0 0 0
0 1 1 3 0 1 -21899 5625872
0 1 1 2 0 1 -19213 5603973
0 1 1 0 0 1 -16884 5584760
0 1 1 3 0 1 -14929 5567876
0 1 1 3 0 1 -13365 5552947
0 1 1 3 0 1 -12175 5539582
0 1 1 1 0 1 -11393 5527407
0 1 1 3 0 1 -10990 5516014
0 1 1 0 0 1 -10990 5505024
0 1 0 2 0 1 -11393 5494034
0 1 0 2 0 1 -12175 5482641
0 0 1 0 0 0 0 0
0 1 1 2 0 1 -13365 5470466
0 1 1 2 0 1 -14929 5457101
0 0 1 1 0 0 0 0
0 1 0 2 0 1 -16884 5442172
0 1 1 1 0 1 -19213 5425288
0 1 1 1 0 1 -21899 5406075
0 1 1 0 0 1 -24942 5384176
0 1 1 0 0 1 -28320 5359234
0 1 0 0 0 1 -32014 5330914
0 1 1 3 0 1 -36009 5298900
0 1 0 0 0 1 -40310 5262891
0 1 1 3 0 1 -44883 5222581
0 0 1 1 0 0 0 0
0 1 0 2 0 1 -49694 5177698
0 0 0 3 0 0 0 0
0 1 1 0 0 1 -54743 5128004
0 1 1 0 1 1 -60025 5073261
0 1 0 3 0 1 -65534 5013236
0 0 0 3 0 0 0 0
0 1 1 3 0 1 -71285 4947702
0 1 0 1 0 1 -77258 4876417
0 1 1 3 0 1 -83399 4799159
0 1 0 1 0 1 -89694 4715760
0 1 0 0 0 1 -96135 4626066
0 1 0 1 0 1 -102666 4529931
0 0 1 3 0 0 0 0
0 0 1 0 0 0 0 0
0 1 0 1 0 1 -109269 4427265
0 0 1 2 0 0 0 0
0 1 1 2 0 1 -115935 4317996
0 1 1 3 0 1 -122604 4202061
0 1 1 3 0 1 -129279 4079457
0 1 1 0 0 1 -135903 3950178
0 0 1 1 0 0 0 0
0 1 1 2 0 1 -142453 3814275
0 1 1 0 0 1 -148915 3671822
0 1 0 3 0 1 -155251 3522907
0 1 1 1 0 1 -161431 3367656
0 0 0 1 0 0 0 0
0 1 0 0 0 1 -167455 3206225
0 1 1 3 0 1 -173273 3038770
0 1 1 1 0 1 -178843 2865497
0 1 0 0 0 1 -184179 2686654
0 1 1 2 0 1 -189244 2502475
0 1 1 2 0 1 -193995 2313231
0 1 0 2 0 1 -198449 2119236
0 1 0 0 0 1 -202546 1920787
0 1 1 2 0 1 -206315 1718241
0 1 0 2 0 1 -209694 1511926
0 1 1 3 0 1 -212699 1302232
0 1 1 3 0 1 -215298 1089533
0 1 1 2 0 1 -217505 874235
0 1 1 1 0 1 -219294 656730
0 1 0 1 0 1 -220645 437436
0 1 1 3 1 1 -221547 216791
0 0 1 3 0 0 0 0
0 1 0 1 0 1 -221886 16772460
0 1 1 2 0 1 -221607 16550574
0 1 0 1 0 1 -220734 16328967
0 0 0 1 0 0 0 0
0 1 0 0 0 1 -219285 16108233
0 1 1 1 0 1 -217230 15888948
0 1 0 1 0 1 -214608 15671718
0 1 0 0 0 1 -211398 15457110
0 1 1 3 0 1 -207663 15245712
0 1 1 2 0 1 -203361 15038049
0 1 1 1 0 1 -198564 14834688
0 0 0 3 0 0 0 0
0 1 0 0 0 1 -193245 14636124
0 1 1 3 0 1 -187449 14442879
0 0 0 1 0 0 0 0
0 0 1 2 0 0 0 0
0 1 1 3 0 1 -181227 14255430
0 1 1 0 0 1 -174549 14074203
0 1 0 2 0 1 -167478 13899654
0 1 1 2 0 1 -160062 13732176
0 1 1 1 0 1 -152301 13572114
0 0 1 0 0 0 0 0
0 0 1 2 0 0 0 0
0 0 1 3 0 0 0 0
0 1 1 2 0 1 -144243 13419813
0 1 1 2 0 1 -135921 13275570
0 1 0 1 0 1 -127365 13139649
0 1 1 2 0 1 -118596 13012284
0 1 1 2 0 1 -109689 12893688
0 0 0 1 0 0 0 0
0 1 1 1 0 1 -100647 12783999
0 1 1 3 0 1 -91542 12683352
0 0 1 0 0 0 0 0
0 1 1 3 0 1 -82392 12591810
0 1 1 1 0 1 -73230 12509418
0 1 1 2 0 1 -64125 12436188
0 0 1 0 0 0 0 0
0 1 1 2 0 1 -55086 12372063
0 1 1 2 0 1 -46143 12316977
0 1 0 2 0 1 -37374 12270834
0 1 1 2 0 1 -28803 12233460
0 1 1 1 1 1 -20405 12204657
0 1 0 3 0 1 -12156 12184252
0 1 1 2 0 1 -4045 12172096
0 1 0 1 0 1 3918 12168051
0 1 0 3 0 1 11669 12171969
0 1 1 1 0 1 19164 12183638
0 1 1 3 0 1 26405 12202802
0 1 1 0 0 1 33346 12229207
0 1 1 1 0 1 39959 12262553
0 0 1 1 0 0 0 0
0 0 1 2 0 0 0 0
0 1 1 2 0 1 46215 12302512
0 1 1 2 0 1 52084 12348727
0 1 1 3 0 1 57549 12400811
0 1 1 1 0 1 62563 12458360
0 1 1 2 0 1 67133 12520923
0 1 0 1 0 1 71215 12588056
0 1 1 3 0 1 74821 12659271
0 1 1 3 0 1 77911 12734092
0 1 1 0 0 1 80485 12812003
0 1 1 3 0 1 82543 12892488
0 0 1 3 0 0 0 0
0 1 1 1 0 1 84033 12975031
0 1 1 2 0 1 84999 13059064
0 1 1 0 0 1 85404 13144063
0 1 1 1 0 1 85245 13229467
0 0 0 0 0 0 0 0
0 1 1 2 0 1 84549 13314712
0 1 1 1 0 1 83286 13399261
0 1 1 1 0 1 81495 13482547
0 0 1 0 0 0 0 0
0 1 1 1 0 1 79164 13564042
0 0 0 0 0 0 0 0
0 0 1 0 0 0 0 0
0 1 1 3 0 1 76319 13643206
0 1 0 2 0 1 72938 13719525
0 0 0 1 0 0 0 0
0 1 1 3 0 1 69065 13792463
0 1 1 3 0 1 64724 13861528
0 1 1 3 0 1 59905 13926252
0 1 0 2 1 0 0 0
0 1 1 0 1 1 54647 13986157
0 1 1 0 0 1 49046 14040804
0 1 1 0 0 1 43107 14089850
0 1 0 0 0 1 36854 14132957
0 1 0 3 0 1 30345 14169811
0 0 0 1 0 0 0 0
0 0 1 3 0 0 0 0
0 1 1 3 0 1 23590 14200156
0 0 1 2 0 0 0 0
0 1 0 1 0 1 16608 14223746
0 1 1 3 0 1 9438 14240354
0 1 1 2 0 1 2123 14249792
0 1 0 3 0 1 -5339 14251915
0 1 1 2 0 1 -12876 14246576
0 1 1 3 0 1 -20495 14233700
0 1 1 2 0 1 -28131 14213205
0 0 0 2 0 0 0 0
0 0 1 3 0 0 0 0
0 1 0 2 0 1 -35753 14185074
0 1 1 3 0 1 -43351 14149321
0 1 0 3 0 1 -50882 14105970
0 1 1 0 0 1 -58298 14055088
0 1 1 0 0 1 -65599 13996790
0 1 1 2 0 1 -72737 13931191
0 1 1 2 0 1 -79659 13858454
0 1 1 1 0 1 -86375 13778795
0 1 0 0 0 1 -92844 13692420
0 1 1 2 0 1 -99011 13599576
0 1 1 3 0 1 -104893 13500565
0 1 1 1 0 1 -110418 13395672
0 0 0 1 0 0 0 0
0 1 1 2 0 1 -115608 13285254
0 1 1 2 0 1 -120410 13169646
0 0 1 2 0 0 0 0
0 1 1 2 0 1 -124815 13049236
0 1 1 0 0 1 -128794 12924421
0 1 0 1 0 1 -132357 12795627
0 1 1 3 0 1 -135466 12663270
0 1 0 3 0 1 -138097 12527804
0 0 1 3 1 0 0 0
0 1 1 3 1 1 -140255 12389707
0 1 0 0 0 1 -141874 12249452
0 1 1 3 0 1 -142915 12107578
0 1 1 2 0 1 -143398 11964663
0 0 1 2 0 0 0 0
0 1 1 0 0 1 -143329 11821265
0 1 1 0 0 1 -142674 11677936
0 1 1 3 0 1 -141465 11535262
0 1 1 1 0 1 -139686 11393797
0 1 1 1 0 1 -137379 11254111
0 1 1 1 0 1 -134505 11116732
0 1 0 3 0 1 -131124 10982227
0 0 1 3 0 0 0 0
0 1 1 1 0 1 -127209 10851103
0 1 1 2 0 1 -122793 10723894
0 1 1 3 0 1 -117923 10601101
0 1 1 1 0 1 -112565 10483178
0 1 1 1 0 1 -106781 10370613
0 1 0 2 0 1 -100601 10263832
0 1 0 3 0 1 -94025 10163231
0 1 1 3 0 1 -87103 10069206
0 1 0 1 0 1 -79853 9982103
0 1 0 3 0 1 -72309 9902250
0 1 1 3 0 1 -64484 9829941
0 0 0 3 0 0 0 0
0 1 1 1 0 1 -56445 9765457
0 1 1 0 0 1 -48199 9709012
0 1 1 0 0 1 -39806 9660813
0 0 1 0 0 0 0 0
0 1 1 2 0 1 -31285 9621007
0 1 1 0 0 1 -22674 9589722
0 1 1 2 0 1 -14029 9567048
0 0 1 0 0 0 0 0
0 1 1 1 0 1 -5358 9553019
0 0 1 3 0 0 0 0
0 1 1 0 0 1 3305 9547661
0 1 0 3 0 1 11886 9550966
0 0 0 1 0 0 0 0
0 0 1 2 0 0 0 0
0 1 0 3 0 1 20365 9562852
0 1 1 2 1 1 28771 9583217
0 1 1 3 0 1 37158 9611988
0 1 1 0 0 1 45551 9649146
0 1 1 1 0 1 53934 9694697
0 1 1 0 0 1 62237 9748631
0 1 0 3 0 1 70422 9810868
0 1 1 2 0 1 78488 9881290
0 1 1 2 0 1 86374 9959778
0 1 1 3 0 1 94055 10046152
0 1 1 2 0 1 101505 10140207
0 0 1 3 0 0 0 0
0 1 1 1 0 1 108676 10241712
0 1 0 0 0 1 115557 10350388
0 1 0 2 0 1 122089 10465945
0 1 1 2 0 1 128267 10588034
0 1 0 2 0 1 134053 10716301
0 0 0 2 0 0 0 0
0 0 1 0 0 0 0 0
0 1 0 3 0 1 139438 10850354
0 1 0 3 0 1 144382 10989792
0 1 1 3 0 1 148885 11134174
0 1 1 3 0 1 152923 11283059
0 0 1 3 0 0 0 0
0 0 1 2 0 0 0 0
0 1 1 0 0 1 156441 11435982
0 1 1 0 0 1 159477 11592423
0 1 1 3 0 1 161988 11751900
0 1 1 3 0 1 163953 11913888
0 1 1 1 0 1 165399 12077841
0 1 0 2 0 1 166278 12243240
0 1 1 1 0 1 166632 12409518
0 0 1 1 0 0 0 0
0 1 1 0 0 1 166422 12576150
0 0 1 2 0 0 0 0
0 1 0 3 0 1 165677 12742572
0 1 0 1 0 1 164366 12908249
0 1 1 3 0 1 162527 13072615
0 0 1 0 0 0 0 0
0 1 0 3 0 1 160166 13235142
0 1 1 1 0 1 157267 13395308
0 1 1 1 1 1 153885 13552575
0 1 0 3 0 1 150158 13706460
0 1 0 0 0 1 146105 13856618
0 1 0 0 0 1 141746 14002723
0 1 0 0 0 1 137123 14144469
0 1 1 1 0 1 132238 14281592
0 1 1 0 0 1 127115 14413830
0 1 1 2 0 1 121762 14540945
0 1 1 1 0 1 116233 14662707
0 1 1 1 0 1 110515 14778940
0 1 1 2 0 1 104668 14889455
0 1 0 2 0 1 98683 14994123
0 1 1 1 0 1 92611 15092806
0 1 0 0 0 1 86481 15185417
0 1 1 3 0 1 80295 15271898
0 0 1 2 0 0 0 0
0 1 1 2 0 1 74087 15352193
0 1 0 3 0 1 67907 15426280
0 0 0 2 0 0 0 0
0 1 0 1 0 1 61755 15494187
0 1 1 3 0 1 55661 15555942
0 1 1 2 0 1 49671 15611603
0 1 1 0 0 1 43783 15661274
0 0 1 2 0 0 0 0
0 0 1 1 0 0 0 0
0 1 1 1 0 1 38028 15705057
0 0 1 2 0 0 0 0
0 1 0 3 0 1 32455 15743085
0 1 0 0 0 1 27053 15775540
0 1 1 0 0 1 21882 15802593
0 1 1 3 0 1 16935 15824475
0 0 0 0 0 0 0 0
0 1 1 1 0 1 12238 15841410
0 0 0 1 0 0 0 0
0 1 1 3 0 1 7823 15853648
0 1 1 3 0 1 3706 15861471
0 1 1 0 0 1 -115 15865177
0 1 0 0 0 1 -3602 15865062
0 1 1 1 0 1 -6735 15861460
0 1 1 0 1 1 -9633 15854725
0 0 1 1 0 0 0 0
0 1 1 2 0 1 -12674 15845092
0 0 0 0 0 0 0 0
0 1 1 0 0 1 -15973 15832418
0 1 1 0 0 1 -19514 15816445
0 1 0 2 0 1 -23263 15796931
0 1 1 2 0 1 -27218 15773668
0 1 1 1 0 1 -31368 15746450
0 1 0 1 0 1 -35682 15715082
0 0 1 1 0 0 0 0
0 0 1 1 0 0 0 0
0 1 1 3 0 1 -40141 15679400
0 1 1 3 0 1 -44747 15639259
0 1 1 2 0 1 -49452 15594512
0 1 1 3 0 1 -54263 15545060
0 1 1 0 0 1 -59139 15490797
0 1 0 2 0 1 -64057 15431658
0 1 1 0 0 1 -69015 15367601
0 1 1 0 0 1 -73978 15298586
0 1 1 0 0 1 -78922 15224608
0 1 1 0 0 1 -83847 15145686
0 1 0 3 0 1 -88713 15061839
0 1 1 1 0 1 -93491 14973126
0 0 0 0 0 0 0 0
0 1 1 0 0 1 -98183 14879635
0 1 1 2 0 1 -102764 14781452
0 1 0 0 0 1 -107195 14678688
0 1 1 3 0 1 -111485 14571493
0 0 1 2 0 0 0 0
0 1 1 3 0 1 -115586 14460008
0 1 1 3 0 1 -119512 14344422
0 0 1 3 0 0 0 0
0 1 1 2 0 1 -123218 14224910
0 1 1 2 0 1 -126703 14101692
0 0 1 0 0 0 0 0
0 0 0 3 0 0 0 0
0 1 1 1 0 1 -129946 13974989
0 1 1 0 0 1 -132949 13845043
0 1 0 1 0 1 -135682 13712094
0 1 1 2 0 1 -138129 13576412
0 1 0 0 1 0 0 0
0 1 1 2 1 1 -140295 13438283
0 1 1 3 0 1 -142144 13297988
0 1 1 2 0 1 -143655 13155844
0 0 0 1 0 0 0 0
0 1 1 3 0 1 -144838 13012189
0 1 1 3 0 1 -145689 12867351
0 0 1 0 0 0 0 0
0 1 1 1 0 1 -146184 12721662
0 1 1 3 0 1 -146345 12575478
0 1 1 0 0 1 -146146 12429133
0 1 1 3 0 1 -145619 12282987
0 1 1 0 0 1 -144735 12137368
0 0 1 2 0 0 0 0
0 1 0 3 0 1 -143524 11992633
0 0 1 0 0 0 0 0
0 1 1 0 0 1 -141969 11849109
0 1 1 0 0 1 -140083 11707140
0 1 0 3 0 1 -137893 11567057
0 1 1 3 0 1 -135375 11429164
0 1 1 3 0 1 -132561 11293789
0 0 0 0 0 0 0 0
0 0 1 2 0 0 0 0
0 1 1 0 0 1 -129471 11161228
0 0 1 1 0 0 0 0
0 1 0 1 0 1 -126105 11031757
0 1 1 3 0 1 -122483 10905652
0 0 1 0 0 0 0 0
0 1 1 1 0 1 -118613 10783169
0 0 1 1 0 0 0 0
0 0 1 1 0 0 0 0
0 1 1 0 0 1 -114519 10664556
0 1 1 2 0 1 -110204 10550037
0 1 1 2 0 1 -105705 10439833
0 1 1 1 0 1 -101029 10334128
0 1 0 2 0 1 -96206 10233099
0 1 1 0 0 1 -91255 10136893
0 0 0 1 0 0 0 0
0 1 1 2 0 1 -86184 10045638
0 1 0 2 0 1 -81039 9959454
0 1 1 3 0 1 -75818 9878415
0 1 1 1 0 1 -70545 9802597
0 1 1 3 0 1 -65264 9732052
0 1 1 2 0 1 -59985 9666788
0 1 1 0 1 1 -54743 9606803
0 1 1 1 0 1 -49694 9552060
0 1 0 1 0 1 -44883 9502366
0 1 0 0 0 1 -40310 9457483
0 1 0 1 0 1 -36009 9417173
0 1 1 2 0 1 -32014 9381164
0 0 1 1 0 0 0 0
0 1 0 0 0 1 -28320 9349150
0 0 0 3 0 0 0 0
0 1 1 0 0 1 -24942 9320830
0 0 1 0 0 0 0 0
0 1 1 3 0 1 -21899 9295888
0 1 1 2 0 1 -19213 9273989
0 0 1 0 0 0 0 0
0 1 1 3 0 1 -16884 9254776
0 0 0 0 0 0 0 0
0 0 1 0 0 0 0 0
0 1 0 1 0 1 -14929 9237892
0 1 0 3 0 1 -13365 9222963
0 1 0 2 0 1 -12175 9209598
0 1 1 0 0 1 -11393 9197423
0 1 0 0 0 1 -10990 9186030
0 1 1 2 0 1 -10990 9175040
0 1 1 1 0 1 -11393 9164050
0 1 1 2 0 1 -12175 9152657
0 1 1 3 0 1 -13365 9140482
0 1 1 3 0 1 -14929 9127117
0 1 0 2 0 1 -16884 9112188
0 1 0 2 0 1 -19213 9095304
0 1 0 1 0 1 -21899 9076091
0 1 1 3 0 1 -24942 9054192
0 1 1 1 0 1 -28320 9029250
0 1 1 1 0 1 -32014 9000930
0 1 1 1 0 1 -36009 8968916
0 1 1 1 0 1 -40310 8932907
0 1 1 1 0 1 -44883 8892597
0 1 0 0 0 1 -49694 8847714
0 1 1 3 0 1 -54743 8798020
0 1 0 3 1 0 0 0
0 1 1 3 1 1 -59905 8743277
0 1 0 0 0 1 -64724 8683372
0 1 1 1 0 1 -69065 8618648
0 1 0 2 0 1 -72938 8549583
0 1 1 3 0 1 -76319 8476645
0 1 1 3 0 1 -79164 8400326
0 1 0 3 0 1 -81495 8321162
0 1 0 2 0 1 -83286 8239667
0 1 1 2 0 1 -84549 8156381
0 1 1 3 0 1 -85245 8071832
0 1 0 3 0 1 -85404 7986587
0 1 1 1 0 1 -84999 7901183
0 1 1 1 0 1 -84033 7816184
0 0 0 3 0 0 0 0
0 0 1 0 0 0 0 0
0 1 0 0 0 1 -82543 7732151
0 0 0 2 0 0 0 0
0 1 0 3 0 1 -80485 7649608
0 1 1 2 0 1 -77911 7569123
0 1 0 3 0 1 -74821 7491212
0 0 1 1 0 0 0 0
0 0 1 2 0 0 0 0
0 1 0 0 0 1 -71215 7416391
0 1 1 3 0 1 -67133 7345176
0 1 1 1 0 1 -62563 7278043
0 1 1 1 0 1 -57549 7215480
0 0 1 1 0 0 0 0
0 1 1 1 0 1 -52084 7157931
0 1 0 1 0 1 -46215 7105847
0 1 1 2 0 1 -39959 7059632
0 1 1 2 0 1 -33346 7019673
0 1 1 2 0 1 -26405 6986327
0 0 1 2 0 0 0 0
0 1 1 0 0 1 -19164 6959922
0 1 1 3 0 1 -11669 6940758
0 0 1 2 0 0 0 0
0 0 1 3 0 0 0 0
0 1 1 0 0 1 -3918 6929089
0 1 1 2 0 1 4045 6925171
0 0 1 1 0 0 0 0
0 1 0 1 0 1 12156 6929216
0 0 1 1 0 0 0 0
0 1 1 3 0 1 20405 6941372
0 1 0 3 1 0 0 0
0 1 1 3 1 1 28803 6961777
0 1 0 1 0 1 37374 6990580
0 1 1 2 0 1 46143 7027954
0 1 1 2 0 1 55086 7074097
0 1 0 0 0 1 64125 7129183
0 1 1 0 0 1 73230 7193308
0 1 0 1 0 1 82392 7266538
0 1 1 0 0 1 91542 7348930
0 1 1 0 0 1 100647 7440472
0 1 1 2 0 1 109689 7541119
0 1 0 2 0 1 118596 7650808
0 0 1 3 0 0 0 0
0 1 1 1 0 1 127365 7769404
0 1 1 3 0 1 135921 7896769
0 1 1 1 0 1 144243 8032690
0 1 1 3 0 1 152301 8176933
0 1 1 3 0 1 160062 8329234
0 1 1 0 0 1 167478 8489296
0 1 1 1 0 1 174549 8656774
0 1 1 3 0 1 181227 8831323
0 1 0 1 0 1 187449 9012550
0 0 1 0 0 0 0 0
0 1 1 0 0 1 193245 9199999
0 1 0 2 0 1 198564 9393244
0 1 0 0 0 1 203361 9591808
0 1 0 2 0 1 207663 9795169
0 1 1 2 0 1 211398 10002832
0 0 1 2 0 0 0 0
0 0 0 1 0 0 0 0
0 0 0 2 0 0 0 0
0 1 0 2 0 1 214608 10214230
0 1 0 3 0 1 217230 10428838
0 1 1 2 0 1 219285 10646068
0 1 0 1 0 1 220734 10865353
0 1 1 3 0 1 221607 11086087
0 0 1 0 0 0 0 0
0 1 0 3 0 1 221886 11307694
0 1 1 0 0 1 221547 11529580
0 1 1 0 1 1 220605 11751127
0 1 1 2 0 1 219024 11971732
0 1 0 3 0 1 216765 12190756
0 1 1 0 0 1 213858 12407521
0 0 1 3 0 0 0 0
0 1 1 2 0 1 210339 12621379
0 1 0 0 0 1 206184 12831718
0 0 1 0 0 0 0 0
0 1 0 3 0 1 201435 13037902
0 0 1 1 0 0 0 0
0 1 1 3 0 1 196086 13239337
0 1 0 1 0 1 190209 13435423
0 0 1 2 0 0 0 0
0 1 1 3 0 1 183765 13625632
0 1 1 2 0 1 176844 13809397
0 1 0 3 0 1 169419 13986241
0 1 0 3 0 1 161553 14155660
0 0 1 0 0 0 0 0
0 1 0 0 0 1 153303 14317213
0 1 0 2 0 1 144645 14470516
0 1 1 2 0 1 135651 14615161
0 1 0 3 0 1 126381 14750812
0 1 1 2 0 1 116835 14877193
0 1 1 2 0 1 107073 14994028
0 0 1 3 0 0 0 0
0 1 0 1 0 1 97143 15101101
0 1 1 3 0 1 87069 15198244
0 1 1 1 0 1 76884 15285313
0 1 1 2 0 1 66675 15362197
0 1 1 2 0 1 56439 15428872
0 1 1 2 0 1 46266 15485311
0 0 1 2 0 0 0 0
0 1 0 3 0 1 36165 15531577
0 1 1 3 0 1 26184 15567742
0 1 0 1 0 1 16389 15593926
0 1 1 1 0 1 6798 15610315
0 1 0 1 0 1 -2565 15617113
0 0 1 2 0 0 0 0
0 0 1 0 0 0 0 0
0 0 1 0 0 0 0 0
0 1 1 3 0 1 -11616 15614548
0 0 1 2 0 0 0 0
0 0 1 1 0 0 0 0
0 1 1 2 0 1 -20325 15602932
0 1 1 2 1 1 -28739 15582607
0 1 0 3 0 1 -36942 15553868
0 1 0 3 0 1 -44959 15516926
0 1 0 0 0 1 -52782 15471967
0 1 1 2 0 1 -60349 15419185
0 1 0 1 0 1 -67614 15358836
0 1 1 1 0 1 -74584 15291222
0 1 0 3 0 1 -81206 15216638
0 1 0 1 0 1 -87463 15135432
0 1 0 1 0 1 -93321 15047969
0 1 1 2 0 1 -98756 14954648
0 1 1 1 0 1 -103749 14855892
0 1 1 1 0 1 -108257 14752143
0 1 0 1 0 1 -112291 14643886
0 1 1 2 0 1 -115805 14531595
0 1 1 3 0 1 -118814 14415790
0 1 1 1 0 1 -121286 14296976
0 1 0 3 0 1 -123221 14175690
0 1 1 3 0 1 -124619 14052469
0 0 0 1 0 0 0 0
0 0 1 0 0 0 0 0
0 0 0 0 0 0 0 0
0 1 1 1 0 1 -125433 13927850
0 1 0 2 0 1 -125709 13802417
0 1 0 3 0 1 -125412 13676708
0 1 0 3 0 1 -124545 13551296
0 0 0 1 0 0 0 0
0 1 0 0 0 1 -123135 13426751
0 1 1 2 0 1 -121158 13303616
0 1 1 1 0 1 -118656 13182458
0 1 1 3 0 1 -115614 13063802
0 1 1 2 0 1 -112069 12948188
0 1 1 1 0 1 -107998 12836119
0 1 1 2 0 1 -103447 12728121
0 1 1 2 0 1 -98446 12624674
0 1 1 2 0 1 -92987 12526228
0 0 1 1 1 0 0 0
0 1 0 0 1 0 0 0
0 1 1 2 1 1 -87125 12433241
0 1 0 0 0 1 -81022 12346116
0 1 1 1 0 1 -74705 12265094
0 1 1 1 0 1 -68194 12190389
0 0 1 1 0 0 0 0
0 1 1 1 0 1 -61547 12122195
0 0 0 1 0 0 0 0
0 1 1 1 0 1 -54782 12060648
0 1 1 3 0 1 -47915 12005866
0 1 1 2 0 1 -40978 11957951
0 0 0 0 0 0 0 0
0 1 1 1 0 1 -34017 11916973
0 1 1 3 0 1 -27035 11882956
0 1 0 2 0 1 -20092 11855921
0 1 1 1 0 1 -13187 11835829
0 0 1 3 0 0 0 0
0 1 1 0 0 1 -6379 11822642
0 1 1 3 0 1 311 11816263
0 1 0 0 0 1 6865 11816574
0 1 1 2 0 1 13257 11823439
0 1 1 0 0 1 19437 11836696
0 1 1 0 0 1 25405 11856133
0 0 1 3 0 0 0 0
0 1 1 3 0 1 31131 11881538
0 1 0 1 0 1 36561 11912669
0 1 1 0 0 1 41713 11949230
0 1 1 1 0 1 46548 11990943
0 1 0 3 0 1 51025 12037491
0 1 1 1 0 1 55163 12088516
0 1 1 3 0 1 58902 12143679
0 1 1 0 0 1 62265 12202581
0 0 1 0 0 0 0 0
0 1 0 1 0 1 65218 12264846
0 1 1 0 0 1 67753 12330064
0 1 1 2 0 1 69846 12397817
0 1 0 3 0 1 71515 12467663
0 1 1 2 0 1 72738 12539178
0 1 1 2 0 1 73495 12611916
0 1 1 2 1 1 73881 12685411
0 1 0 0 0 1 74178 12759292
0 1 0 1 0 1 74461 12833470
0 1 1 0 0 1 74730 12907931
0 0 0 1 0 0 0 0
0 1 1 0 0 1 74983 12982661
0 0 1 3 0 0 0 0
0 1 0 3 0 1 75218 13057644
0 1 1 2 0 1 75440 13132862
0 1 0 2 0 1 75634 13208302
0 0 0 1 0 0 0 0
0 1 1 1 0 1 75813 13283936
0 1 0 1 0 1 75971 13359749
0 0 1 2 0 0 0 0
0 0 1 3 0 0 0 0
0 0 0 2 0 0 0 0
0 1 1 1 0 1 76108 13435720
0 1 0 0 0 1 76223 13511828
0 0 1 3 0 0 0 0
0 1 1 3 0 1 76315 13588051
0 0 1 3 0 0 0 0
0 1 0 0 0 1 76385 13664366
0 1 1 0 0 1 76431 13740751
0 0 1 1 0 0 0 0
0 1 1 3 0 1 76450 13817182
0 1 1 3 0 1 76450 13893632
0 0 1 1 0 0 0 0
0 1 1 0 0 1 76431 13970082
0 1 1 0 0 1 76385 14046513
0 1 1 2 0 1 76315 14122898
0 1 1 0 0 1 76223 14199213
0 1 1 0 0 1 76108 14275436
0 1 0 2 0 1 75971 14351544
0 0 1 2 0 0 0 0
0 1 0 2 0 1 75813 14427515
0 1 1 2 0 1 75634 14503328
0 1 0 1 0 1 75440 14578962
0 1 0 2 0 1 75218 14654402
0 1 1 1 0 1 74983 14729620
0 1 1 0 0 1 74730 14804603
0 0 1 1 0 0 0 0
0 1 1 2 0 1 74461 14879333
0 1 1 0 0 1 74178 14953794
0 1 1 3 0 1 73881 15027972
0 1 0 0 1 0 0 0
0 1 0 1 1 0 0 0
0 1 1 2 1 1 73575 15101853
0 1 1 1 0 1 73278 15175428
0 1 1 2 0 1 72995 15248706
0 1 1 3 0 1 72726 15321701
0 1 0 0 0 1 72473 15394427
0 1 1 0 0 1 72238 15466900
0 1 0 0 0 1 72025 15539138
0 1 0 2 0 1 71822 15611163
0 1 1 1 0 1 71643 15682985
0 1 1 3 0 1 71485 15754628
0 1 1 0 0 1 71348 15826113
0 1 1 3 0 1 71233 15897461
0 1 1 2 0 1 71141 15968694
0 1 1 1 0 1 71071 16039835
0 1 1 1 0 1 71025 16110906
0 1 0 3 0 1 70997 16181931
0 1 0 3 0 1 70997 16252928
0 1 0 3 0 1 71025 16323925
0 0 1 2 0 0 0 0
0 1 1 0 0 1 71071 16394950
0 0 1 0 0 0 0 0
0 0 0 2 0 0 0 0
0 1 1 3 0 1 71141 16466021
0 0 1 1 0 0 0 0
0 1 1 3 0 1 71233 16537162
0 0 0 3 0 0 0 0
0 1 1 3 0 1 71348 16608395
0 1 1 2 0 1 71485 16679743
0 1 0 0 0 1 71643 16751228
0 1 1 2 0 1 71822 45655
0 1 0 3 0 1 72025 117477
0 1 1 3 0 1 72238 189502
0 1 0 2 0 1 72473 261740
0 1 1 3 0 1 72726 334213
0 1 1 1 0 1 72995 406939
0 1 1 3 0 1 73278 479934
0 1 1 2 0 1 73575 553212
0 1 0 1 1 0 0 0
0 1 1 2 1 1 73881 626787
0 1 1 3 0 1 74178 700668
0 1 1 0 0 1 74461 774846
0 1 1 2 0 1 74730 849307
0 1 1 2 0 1 74983 924037
0 0 1 0 0 0 0 0
0 1 0 3 0 1 75218 999020
0 1 1 2 0 1 75440 1074238
0 1 1 1 0 1 75634 1149678
0 1 1 1 0 1 75813 1225312
0 1 1 0 0 1 75971 1301125
1 1 0 1 0 0 0 0
0 1 1 1 1 1 -16 0
0 1 0 3 0 1 -108 16777200
0 1 1 3 0 1 -296 16777092
0 0 0 1 0 0 0 0
0 1 1 0 0 1 -576 16776796
0 1 0 2 0 1 -944 16776220
0 1 1 3 0 1 -1404 16775276
0 0 1 1 0 0 0 0
0 1 1 2 0 1 -1952 16773872
0 1 0 1 0 1 -2584 16771920
0 0 1 3 0 0 0 0
0 0 1 0 0 0 0 0
0 1 1 1 0 1 -3296 16769336
0 1 1 1 0 1 -4092 16766040
0 1 0 2 0 1 -4960 16761948
0 1 0 3 0 1 -5904 16756988
0 0 0 1 0 0 0 0
0 1 1 0 0 1 -6916 16751084
0 0 0 3 0 0 0 0
0 0 1 3 0 0 0 0
0 1 1 3 0 1 -7988 16744168
0 1 1 0 0 1 -9124 16736180
0 1 1 1 0 1 -10312 16727056
0 1 1 0 0 1 -11548 16716744
0 1 1 1 0 1 -12832 16705196
0 1 1 0 0 1 -14152 16692364
0 1 1 3 0 1 -15504 16678212
0 0 1 2 0 0 0 0
0 1 1 0 0 1 -16884 16662708
0 0 0 2 0 0 0 0
0 1 1 2 0 1 -18288 16645824
0 0 1 0 0 0 0 0
0 1 1 0 0 1 -19704 16627536
0 1 0 0 0 1 -21132 16607832
0 1 1 2 0 1 -22560 16586700
0 1 1 2 0 1 -23988 16564140
0 1 1 3 0 1 -25404 16540152
0 1 1 3 0 1 -26804 16514748
0 0 0 0 0 0 0 0
0 1 1 1 0 1 -28184 16487944
0 1 1 0 0 1 -29540 16459760
0 1 1 0 0 1 -30860 16430220
0 1 1 2 0 1 -32140 16399360
0 1 0 1 1 0 0 0
0 0 1 0 1 0 0 0
0 1 1 3 1 1 -33320 16367220
0 1 0 3 0 1 -34163 16333900
0 1 1 3 0 1 -34590 16299737
0 1 1 3 0 1 -34616 16265147
0 1 1 1 0 1 -34248 16230531
0 1 1 2 0 1 -33463 16196283
0 0 1 3 0 0 0 0
0 1 1 2 0 1 -32280 16162820
0 1 1 2 0 1 -30702 16130540
0 1 0 3 0 1 -28748 16099838
0 1 1 1 0 1 -26395 16071090
0 1 1 2 0 1 -23688 16044695
0 1 0 0 0 1 -20608 16021007
0 1 0 0 0 1 -17181 16000399
0 1 0 1 0 1 -13441 15983218
0 1 1 1 0 1 -9365 15969777
0 1 1 0 0 1 -5002 15960412
0 1 1 1 0 1 -367 15955410
0 1 1 3 0 1 4540 15955043
0 1 0 3 0 1 9674 15959583
0 1 1 0 0 1 15024 15969257
0 0 1 3 0 0 0 0
0 1 1 3 0 1 20567 15984281
0 1 1 2 0 1 26292 16004848
0 1 1 1 0 1 32150 16031140
0 1 1 1 0 1 38137 16063290
0 1 1 1 0 1 44208 16101427
0 1 1 1 0 1 50355 16145635
0 1 1 3 0 1 56537 16195990
0 0 0 3 0 0 0 0
0 1 1 1 0 1 62727 16252527
0 1 1 3 0 1 68914 16315254
0 0 1 3 0 0 0 0
0 1 1 2 0 1 75075 16384168
0 1 0 2 0 1 81157 16459243
0 1 1 1 0 1 87145 16540400
0 1 1 3 1 1 93083 16627545
0 1 1 0 0 1 99094 16720628
0 1 1 2 0 1 105223 42506
0 1 1 2 0 1 111454 147729
0 1 0 1 0 1 117733 259183
0 1 1 3 0 1 124038 376916
0 0 1 0 0 0 0 0
0 1 1 3 0 1 130368 500954
0 1 1 0 0 1 136662 631322
0 1 1 2 0 1 142911 767984
0 0 1 1 0 0 0 0
0 0 1 0 0 0 0 0
0 0 1 2 0 0 0 0
0 0 0 3 0 0 0 0
0 1 1 1 0 1 149097 910895
0 1 1 0 0 1 155172 1059992
0 1 1 3 0 1 161133 1215164
0 1 0 2 0 1 166929 1376297
0 1 1 3 0 1 172547 1543226
0 1 1 0 0 1 177965 1715773
0 0 0 2 0 0 0 0
0 0 1 1 0 0 0 0
0 1 1 2 0 1 183158 1893738
0 1 1 1 0 1 188102 2076896
0 1 0 3 0 1 192797 2264998
0 1 1 2 0 1 197203 2457795
0 0 1 3 0 0 0 0
0 1 1 0 0 1 201281 2654998
0 1 1 2 0 1 205053 2856279
0 1 1 1 0 1 208484 3061332
0 0 1 2 0 0 0 0
0 1 1 3 0 1 211545 3269816
0 1 1 0 0 1 214255 3481361
0 1 1 3 0 1 216566 3695616
0 1 1 2 0 1 218512 3912182
0 1 1 1 0 1 220038 4130694
0 1 1 0 0 1 221173 4350732
0 1 1 3 0 1 221886 4571905
0 1 0 2 0 1 222199 4793791
0 0 0 0 0 0 0 0
0 1 0 2 0 1 222102 5015990
0 1 1 3 0 1 221579 5238092
0 1 0 2 1 0 0 0
0 1 0 3 1 0 0 0
0 0 1 2 1 0 0 0
0 1 0 2 1 0 0 0
0 1 1 3 1 1 220725 5459671
0 0 1 1 0 0 0 0
0 1 0 1 0 1 219834 5680396
0 1 1 3 0 1 218985 5900230
0 1 1 2 0 1 218178 6119215
0 0 1 2 0 0 0 0
0 1 0 0 0 1 217419 6337393
0 1 0 3 0 1 216714 6554812
0 1 0 2 0 1 216075 6771526
0 0 0 3 0 0 0 0
0 0 0 1 0 0 0 0
0 0 1 1 0 0 0 0
0 1 1 1 0 1 215466 6987601
0 1 1 2 0 1 214929 7203067
0 1 0 0 0 1 214455 7417996
0 1 0 2 0 1 214044 7632451
0 1 0 1 0 1 213699 7846495
0 1 1 0 0 1 213423 8060194
0 0 0 1 0 0 0 0
0 1 1 3 0 1 213213 8273617
0 1 1 1 0 1 213075 8486830
0 1 1 0 0 1 212991 8699905
0 1 1 1 0 1 212991 8912896
0 1 1 1 0 1 213075 9125887
0 1 1 0 0 1 213213 9338962
0 0 0 1 0 0 0 0
0 0 1 2 0 0 0 0
0 1 1 0 0 1 213423 9552175
0 1 1 3 0 1 213699 9765598
0 1 1 1 0 1 214044 9979297
0 1 0 1 0 1 214455 10193341
0 1 1 2 0 1 214929 10407796
0 1 1 0 0 1 215466 10622725
0 1 1 2 0 1 216075 10838191
0 1 1 3 0 1 216714 11054266
0 0 0 1 0 0 0 0
0 1 1 3 0 1 217419 11270980
0 1 1 0 0 1 218178 11488399
0 1 1 1 0 1 218985 11706577
0 1 1 2 0 1 219834 11925562
0 1 1 2 0 1 220725 12145396
0 1 1 1 1 1 221579 12366121
0 1 1 0 0 1 222102 12587700
0 1 0 0 0 1 222199 12809802
0 0 1 0 0 0 0 0
0 1 0 3 0 1 221886 13032001
0 1 0 1 0 1 221173 13253887
0 1 1 2 0 1 220038 13475060
0 1 1 2 0 1 218512 13695098
0 1 1 3 0 1 216566 13913610
0 1 1 3 0 1 214255 14130176
0 1 0 2 0 1 211545 14344431
0 1 1 0 0 1 208484 14555976
0 1 1 1 0 1 205053 14764460
0 1 1 0 0 1 201281 14969513
0 0 1 1 0 0 0 0
0 1 0 1 0 1 197203 15170794
0 1 0 1 0 1 192797 15367997
0 1 1 2 0 1 188102 15560794
0 1 0 3 0 1 183158 15748896
0 1 1 0 0 1 177965 15932054
0 0 1 1 0 0 0 0
0 0 1 2 0 0 0 0
0 1 0 1 0 1 172547 16110019
0 1 1 0 0 1 166929 16282566
0 1 1 1 0 1 161133 16449495
0 1 1 3 0 1 155172 16610628
0 1 1 2 0 1 149097 16765800
0 1 1 0 0 1 142911 137681
0 1 1 0 0 1 136662 280592
0 1 1 3 0 1 130368 417254
0 0 1 2 0 0 0 0
0 0 1 0 0 0 0 0
0 1 1 2 0 1 124038 547622
0 1 1 0 0 1 117733 671660
0 1 0 3 0 1 111454 789393
0 0 1 0 0 0 0 0
0 1 1 0 0 1 105223 900847
0 1 0 0 0 1 99094 1006070
0 1 1 0 0 1 93083 1105164
0 0 1 0 1 0 0 0
0 1 0 1 1 0 0 0
0 1 1 3 1 1 87205 1198247
0 0 0 1 0 0 0 0
0 1 1 2 0 1 81562 1285452
0 1 0 2 0 1 76185 1367014
0 1 1 2 0 1 71074 1443199
0 1 0 1 0 1 66267 1514273
0 1 1 0 0 1 61802 1580540
0 1 1 0 0 1 57675 1642342
0 1 1 3 0 1 53898 1700017
0 1 1 0 0 1 50497 1753915
0 1 0 1 0 1 47495 1804412
0 1 1 0 0 1 44892 1851907
0 0 0 2 0 0 0 0
0 1 1 0 0 1 42707 1896799
0 1 0 2 0 1 40959 1939506
0 1 1 1 0 1 39629 1980465
0 0 1 3 0 0 0 0
0 1 1 2 0 1 38755 2020094
0 1 1 0 0 1 38303 2058849
0 0 1 2 0 0 0 0
0 0 1 2 0 0 0 0
0 1 1 0 0 1 38303 2097152
0 1 1 1 0 1 38755 2135455
0 1 1 0 0 1 39629 2174210
0 1 0 0 0 1 40959 2213839
0 1 1 2 0 1 42707 2254798
0 1 1 2 0 1 44892 2297505
0 1 1 1 0 1 47495 2342397
0 1 1 0 0 1 50497 2389892
0 1 1 1 0 1 53898 2440389
0 1 0 0 0 1 57675 2494287
0 0 1 1 0 0 0 0
0 1 1 2 0 1 61802 2551962
0 1 1 1 0 1 66267 2613764
0 1 1 3 0 1 71074 2680031
0 1 1 2 0 1 76185 2751105
0 1 1 3 0 1 81562 2827290
0 1 1 3 0 1 87205 2908852
0 1 1 2 1 1 93051 2996057
0 1 1 0 0 1 98878 3089108
0 0 0 2 0 0 0 0
0 0 0 1 0 0 0 0
0 1 1 2 0 1 104631 3187986
0 1 1 3 0 1 110302 3292617
0 1 1 2 0 1 115845 3402919
0 1 0 1 0 1 121230 3518764
0 1 1 2 0 1 126464 3639994
0 1 1 3 0 1 131494 3766458
0 0 1 1 0 0 0 0
0 1 1 3 0 1 136319 3897952
0 0 1 2 0 0 0 0
0 1 1 0 0 1 140913 4034271
0 0 1 3 0 0 0 0
0 1 1 2 0 1 145252 4175184
0 0 1 2 0 0 0 0
0 1 1 3 0 1 149325 4320436
0 1 1 1 0 1 153097 4469761
0 0 1 3 0 0 0 0
0 1 1 2 0 1 156571 4622858
0 1 1 1 0 1 159717 4779429
0 1 0 3 0 1 162534 4939146
0 1 1 0 0 1 165006 5101680
0 1 1 0 0 1 167133 5266686
0 1 1 2 0 1 168899 5433819
0 0 1 3 0 0 0 0
0 1 0 2 0 1 170273 5602718
0 1 0 2 0 1 171285 5772991
0 1 1 0 0 1 171908 5944276
0 1 0 0 0 1 172137 6116184
0 1 0 1 0 1 171991 6288321
0 1 1 1 0 1 171446 6460312
0 1 1 2 0 1 170536 6631758
0 1 0 1 0 1 169230 6802294
0 1 1 0 0 1 167565 6971524
0 1 1 1 0 1 165518 7139089
0 1 0 1 0 1 163119 7304607
0 1 0 2 0 1 160382 7467726
0 1 0 2 0 1 157299 7628108
0 1 1 3 1 1 153965 7785407
0 1 0 3 0 1 150698 7939372
0 0 1 1 0 0 0 0
0 1 1 0 0 1 147585 8090070
0 0 1 1 0 0 0 0
0 1 0 0 0 1 144626 8237655
0 1 0 3 0 1 141843 8382281
0 1 1 0 0 1 139258 8524124
0 1 0 1 0 1 136875 8663382
0 0 1 0 0 0 0 0
0 1 1 0 0 1 134682 8800257
0 0 1 0 0 0 0 0
0 1 1 2 0 1 132713 8934939
0 1 1 2 0 1 130975 9067652
0 0 0 2 0 0 0 0
0 0 1 2 0 0 0 0
0 1 1 0 0 1 129468 9198627
0 1 1 2 0 1 128203 9328095
0 0 1 3 0 0 0 0
0 1 1 3 0 1 127191 9456298
0 1 1 0 0 1 126421 9583489
0 1 1 1 0 1 125915 9709910
0 1 1 0 0 1 125647 9835825
0 1 1 2 0 1 125647 9961472
0 1 1 0 0 1 125915 10087119
0 1 1 1 0 1 126421 10213034
0 1 1 3 0 1 127191 10339455
0 1 1 1 0 1 128203 10466646
0 1 0 2 0 1 129468 10594849
0 1 1 3 0 1 130975 10724317
0 0 0 1 0 0 0 0
0 1 1 3 0 1 132713 10855292
0 1 1 1 0 1 134682 10988005
0 1 1 1 0 1 136875 11122687
0 1 1 3 0 1 139258 11259562
0 1 1 1 0 1 141843 11398820
0 1 0 1 0 1 144626 11540663
0 0 1 0 0 0 0 0
0 1 1 1 0 1 147585 11685289
0 1 0 0 0 1 150698 11832874
0 1 1 3 0 1 153965 11983572
0 0 1 1 1 0 0 0
0 1 0 3 1 0 0 0
0 1 1 1 1 1 157299 12137537
0 1 0 1 0 1 160382 12294836
0 1 1 3 0 1 163119 12455218
0 1 0 3 0 1 165518 12618337
0 1 0 3 0 1 167565 12783855
0 1 1 1 0 1 169230 12951420
0 1 1 1 0 1 170536 13120650
0 1 1 3 0 1 171446 13291186
0 1 0 0 0 1 171991 13462632
0 1 1 3 0 1 172137 13634623
0 0 0 1 0 0 0 0
0 1 0 3 0 1 171908 13806760
0 0 1 1 0 0 0 0
0 1 0 0 0 1 171285 13978668
0 1 0 1 0 1 170273 14149953
0 1 1 0 0 1 168899 14320226
0 1 1 1 0 1 167133 14489125
0 1 0 3 0 1 165006 14656258
0 1 1 0 0 1 162534 14821264
0 1 1 2 0 1 159717 14983798
0 1 1 2 0 1 156571 15143515
0 0 1 3 0 0 0 0
0 1 1 3 0 1 153097 15300086
0 1 1 2 0 1 149325 15453183
0 0 1 2 0 0 0 0
0 1 1 2 0 1 145252 15602508
0 1 1 3 0 1 140913 15747760
0 1 0 0 0 1 136319 15888673
0 1 1 2 0 1 131494 16024992
0 1 0 0 0 1 126464 16156486
0 0 1 1 0 0 0 0
0 1 0 1 0 1 121230 16282950
0 1 1 0 0 1 115845 16404180
0 0 1 2 0 0 0 0
0 1 1 3 0 1 110302 16520025
0 1 1 2 0 1 104631 16630327
0 1 1 0 0 1 98878 16734958
0 1 1 0 0 1 93051 56620
0 0 1 2 1 0 0 0
0 1 0 1 1 0 0 0
0 1 1 1 1 1 87125 149671
0 1 1 0 0 1 81022 236796
0 1 1 1 0 1 74705 317818
0 1 1 1 0 1 68194 392523
0 1 1 1 0 1 61547 460717
0 1 1 3 0 1 54782 522264
0 1 1 0 0 1 47915 577046
0 1 0 3 0 1 40978 624961
0 0 1 3 0 0 0 0
0 1 1 1 0 1 34017 665939
0 1 1 3 0 1 27035 699956
0 1 0 0 0 1 20092 726991
0 1 1 3 0 1 13187 747083
0 1 1 0 0 1 6379 760270
0 1 1 3 0 1 -311 766649
0 0 0 3 0 0 0 0
0 0 1 0 0 0 0 0
0 1 1 0 0 1 -6865 766338
0 1 1 2 0 1 -13257 759473
0 1 1 1 0 1 -19437 746216
0 1 1 0 0 1 -25405 726779
0 1 1 2 0 1 -31131 701374
0 1 1 0 0 1 -36561 670243
0 1 1 3 0 1 -41713 633682
0 1 1 2 0 1 -46548 591969
0 1 0 0 0 1 -51025 545421
0 1 1 3 0 1 -55163 494396
0 1 0 3 0 1 -58902 439233
0 1 1 2 0 1 -62265 380331
0 1 0 2 0 1 -65218 318066
0 1 0 2 0 1 -67753 252848
0 1 0 2 0 1 -69846 185095
0 1 0 1 0 1 -71515 115249
0 0 1 3 0 0 0 0
0 1 0 0 0 1 -72738 43734
0 1 1 2 0 1 -73495 16748212
0 0 1 3 1 0 0 0
0 0 1 3 1 0 0 0
0 1 1 3 1 1 -73817 16674717
0 1 0 3 0 1 -73746 16600900
0 1 1 1 0 1 -73277 16527154
0 0 1 2 0 0 0 0
0 1 1 1 0 1 -72426 16453877
0 1 1 1 0 1 -71207 16381451
0 1 1 3 0 1 -69602 16310244
0 1 1 2 0 1 -67632 16240642
0 1 1 3 0 1 -65298 16173010
0 1 1 3 0 1 -62629 16107712
0 0 0 0 0 0 0 0
0 1 1 0 0 1 -59603 16045083
0 0 1 0 0 0 0 0
0 1 1 1 0 1 -56268 15985480
0 1 1 1 0 1 -52607 15929212
0 1 1 0 0 1 -48651 15876605
0 1 0 1 0 1 -44433 15827954
0 1 1 1 0 1 -39935 15783521
0 0 1 0 0 0 0 0
0 1 1 2 0 1 -35202 15743586
0 1 1 3 0 1 -30258 15708384
0 1 1 2 0 1 -25103 15678126
0 0 1 3 0 0 0 0
0 0 1 1 0 0 0 0
0 1 0 0 0 1 -19777 15653023
0 1 1 2 0 1 -14299 15633246
0 0 1 1 0 0 0 0
0 1 0 2 0 1 -8687 15618947
0 1 1 3 0 1 -2956 15610260
0 0 1 2 0 0 0 0
0 1 1 2 0 1 2845 15607304
0 0 1 0 0 0 0 0
0 1 0 2 0 1 8715 15610149
0 1 1 3 0 1 14606 15618864
0 1 1 2 0 1 20512 15633470
0 1 1 1 0 1 26398 15653982
0 1 1 3 0 1 32233 15680380
0 1 1 2 0 1 38006 15712613
0 1 1 0 0 1 43699 15750619
0 1 0 2 0 1 49262 15794318
0 1 1 3 0 1 54679 15843580
0 1 1 1 1 1 59945 15898259
0 1 1 2 0 1 64994 15958204
0 0 1 0 0 0 0 0
0 1 1 1 0 1 69805 16023198
0 1 1 3 0 1 74378 16093003
0 1 1 0 0 1 78679 16167381
0 1 0 1 0 1 82674 16246060
0 1 1 0 0 1 86375 16328734
0 1 1 0 0 1 89746 16415109
0 1 0 0 0 1 92789 16504855
0 1 1 0 0 1 95475 16597644
0 1 0 2 0 1 97804 16693119
0 1 0 3 0 1 99759 13707
0 1 1 3 0 1 101323 113466
0 1 0 2 0 1 102513 214789
0 1 0 0 0 1 103295 317302
0 1 1 3 0 1 103691 420597
0 1 1 2 0 1 103691 524288
0 1 0 2 0 1 103295 627979
0 1 1 1 0 1 102513 731274
0 1 0 3 0 1 101323 833787
0 0 1 0 0 0 0 0
0 1 0 3 0 1 99759 935110
0 1 1 2 0 1 97804 1034869
0 1 1 0 0 1 95475 1132673
0 1 1 3 0 1 92789 1228148
0 1 1 2 0 1 89746 1320937
0 1 0 0 0 1 86375 1410683
0 1 1 3 0 1 82674 1497058
0 0 0 3 0 0 0 0
0 1 1 3 0 1 78679 1579732
0 1 1 0 0 1 74378 1658411
0 1 0 0 0 1 69805 1732789
0 0 1 2 0 0 0 0
0 1 0 3 0 1 64994 1802594
0 0 1 1 0 0 0 0
0 1 1 0 0 1 59945 1867588
0 1 1 1 1 1 54679 1927533
0 1 1 0 0 1 49262 1982212
0 1 1 1 0 1 43699 2031474
0 1 0 0 0 1 38006 2075173
0 1 1 1 0 1 32233 2113179
0 1 0 1 0 1 26398 2145412
0 1 1 3 0 1 20512 2171810
0 0 1 1 0 0 0 0
0 1 1 0 0 1 14606 2192322
0 1 1 2 0 1 8715 2206928
0 1 1 0 0 1 2845 2215643
0 1 1 2 0 1 -2956 2218488
0 0 1 3 0 0 0 0
0 1 1 3 0 1 -8687 2215532
0 0 0 1 0 0 0 0
0 1 1 0 0 1 -14299 2206845
0 1 1 3 0 1 -19777 2192546
0 1 0 1 0 1 -25103 2172769
0 1 1 1 0 1 -30258 2147666
0 1 1 0 0 1 -35202 2117408
0 1 1 0 0 1 -39935 2082206
0 1 0 0 0 1 -44433 2042271
0 1 1 1 0 1 -48651 1997838
0 1 1 0 0 1 -52607 1949187
0 1 0 1 0 1 -56268 1896580
0 1 1 1 0 1 -59603 1840312
0 1 1 1 0 1 -62629 1780709
0 1 1 0 0 1 -65298 1718080
0 1 1 3 0 1 -67632 1652782
0 1 1 2 0 1 -69602 1585150
0 0 0 0 0 0 0 0
0 0 0 0 0 0 0 0
0 1 1 0 0 1 -71207 1515548
0 1 1 3 0 1 -72426 1444341
0 1 1 1 0 1 -73277 1371915
0 1 1 1 0 1 -73746 1298638
0 1 1 2 0 1 -73817 1224892
0 1 0 2 1 0 0 0
0 0 0 1 1 0 0 0
0 1 1 3 1 1 -73495 1151075
0 1 1 2 0 1 -72738 1077580
0 1 1 1 0 1 -71515 1004842
0 1 0 2 0 1 -69846 933327
0 1 0 3 0 1 -67753 863481
0 1 1 0 0 1 -65218 795728
0 1 1 1 0 1 -62265 730510
0 1 0 2 0 1 -58902 668245
0 1 1 2 0 1 -55163 609343
0 0 1 3 0 0 0 0
0 0 1 0 0 0 0 0
0 1 1 3 0 1 -51025 554180
0 0 0 2 0 0 0 0
0 1 1 2 0 1 -46548 503155
0 0 0 1 0 0 0 0
0 1 1 3 0 1 -41713 456607
0 1 1 3 0 1 -36561 414894
0 1 1 2 0 1 -31131 378333
0 0 0 3 0 0 0 0
0 1 1 0 0 1 -25405 347202
0 1 1 0 0 1 -19437 321797
0 1 0 0 0 1 -13257 302360
0 1 1 3 0 1 -6865 289103
0 1 1 3 0 1 -311 282238
0 1 1 3 0 1 6379 281927
0 1 1 0 0 1 13187 288306
0 0 0 3 0 0 0 0
0 1 1 0 0 1 20092 301493
0 1 1 0 0 1 27035 321585
0 1 1 0 0 1 34017 348620
0 1 1 2 0 1 40978 382637
0 1 1 3 0 1 47915 423615
0 1 0 1 0 1 54782 471530
0 1 1 3 0 1 61547 526312
0 1 0 0 0 1 68194 587859
0 1 1 2 0 1 74705 656053
0 1 1 2 0 1 81022 730758
0 1 1 0 0 1 87125 811780
0 1 1 3 1 1 93083 898905
0 0 1 0 0 0 0 0
0 1 0 0 0 1 99094 991988
0 1 0 2 0 1 105223 1091082
0 1 1 3 0 1 111454 1196305
0 1 0 2 0 1 117733 1307759
0 1 1 3 0 1 124038 1425492
0 0 1 0 0 0 0 0
0 1 0 2 0 1 130368 1549530
0 1 0 1 0 1 136662 1679898
0 1 1 1 0 1 142911 1816560
0 1 1 2 0 1 149097 1959471
0 0 0 1 0 0 0 0
0 1 1 2 0 1 155172 2108568
0 0 0 0 0 0 0 0
0 1 1 0 0 1 161133 2263740
0 1 1 1 0 1 166929 2424873
0 0 0 2 0 0 0 0
0 1 1 3 0 1 172547 2591802
0 1 1 3 0 1 177965 2764349
0 1 1 0 0 1 183158 2942314
0 1 0 0 0 1 188102 3125472
0 1 1 0 0 1 192797 3313574
0 1 1 3 0 1 197203 3506371
0 1 1 2 0 1 201281 3703574
0 1 1 1 0 1 205053 3904855
0 1 0 2 0 1 208484 4109908
0 0 1 0 0 0 0 0
0 1 0 3 0 1 211545 4318392
0 1 1 2 0 1 214255 4529937
0 0 1 3 0 0 0 0
0 0 1 2 0 0 0 0
0 1 0 2 0 1 216566 4744192
0 1 1 1 0 1 218512 4960758
0 1 1 2 0 1 220038 5179270
0 1 1 3 0 1 221173 5399308
0 1 1 0 0 1 221886 5620481
0 1 1 3 0 1 222199 5842367
0 1 0 3 0 1 222102 6064566
0 1 1 2 0 1 221579 6286668
0 1 1 3 1 1 220725 6508247
0 1 1 0 0 1 219834 6728972
0 1 0 0 0 1 218985 6948806
0 0 1 0 0 0 0 0
0 1 1 1 0 1 218178 7167791
0 1 1 2 0 1 217419 7385969
0 1 0 2 0 1 216714 7603388
0 1 1 1 0 1 216075 7820102
0 0 1 0 0 0 0 0
0 1 1 2 0 1 215466 8036177
0 1 1 1 0 1 214929 8251643
0 1 1 0 0 1 214455 8466572
0 1 1 1 0 1 214044 8681027
0 0 1 2 0 0 0 0
0 1 1 0 0 1 213699 8895071
0 1 1 3 0 1 213423 9108770
0 1 1 1 0 1 213213 9322193
0 1 0 0 0 1 213075 9535406
0 0 1 0 0 0 0 0
0 1 1 1 0 1 212991 9748481
0 1 1 0 0 1 212991 9961472
0 1 1 3 0 1 213075 10174463
0 0 1 0 0 0 0 0
0 1 1 1 0 1 213213 10387538
0 0 0 2 0 0 0 0
0 1 1 1 0 1 213423 10600751
0 1 1 3 0 1 213699 10814174
0 1 1 3 0 1 214044 11027873
0 1 0 0 0 1 214455 11241917
0 1 1 0 0 1 214929 11456372
0 1 1 2 0 1 215466 11671301
0 1 1 1 0 1 216075 11886767
0 1 0 3 0 1 216714 12102842
0 1 1 1 0 1 217419 12319556
0 0 1 3 0 0 0 0
0 1 1 1 0 1 218178 12536975
0 1 1 0 0 1 218985 12755153
0 0 1 3 0 0 0 0
0 1 1 3 0 1 219834 12974138
0 1 1 3 0 1 220725 13193972
0 1 0 2 1 0 0 0
0 1 1 3 1 1 221643 13414697
0 1 0 1 0 1 222534 13636340
0 1 1 2 0 1 223383 13858874
0 1 0 0 0 1 224190 14082257
0 1 0 3 0 1 224949 14306447
0 1 1 2 0 1 225654 14531396
0 1 0 3 0 1 226320 14757050
0 1 0 2 0 1 226902 14983370
0 0 0 1 0 0 0 0
0 0 1 2 0 0 0 0
0 0 1 2 0 0 0 0
0 0 0 2 0 0 0 0
0 1 1 1 0 1 227439 15210272
0 1 1 3 0 1 227913 15437711
0 1 1 3 0 1 228324 15665624
0 1 1 1 0 1 228669 15893948
0 1 1 0 0 1 228945 16122617
0 1 0 1 0 1 229155 16351562
0 1 1 0 0 1 229293 16580717
0 1 1 2 0 1 229350 32794
0 1 1 1 0 1 229350 262144
0 1 1 3 0 1 229293 491494
0 0 1 3 0 0 0 0
0 0 0 1 0 0 0 0
0 1 1 0 0 1 229155 720787
0 1 1 3 0 1 228945 949942
0 1 0 3 0 1 228669 1178887
0 0 1 2 0 0 0 0
0 1 1 1 0 1 228324 1407556
0 1 0 2 0 1 227913 1635880
0 1 1 0 0 1 227439 1863793
0 1 1 1 0 1 226902 2091232
0 1 1 3 0 1 226320 2318134
0 0 1 0 0 0 0 0
0 1 1 3 0 1 225654 2544454
0 1 1 1 0 1 224949 2770108
0 1 1 0 0 1 224190 2995057
0 0 1 1 0 0 0 0
0 1 0 3 0 1 223383 3219247
0 1 0 0 0 1 222534 3442630
0 1 0 1 0 1 221643 3665164
0 1 1 2 1 1 220685 3886807
0 1 1 2 0 1 219564 4107492
0 1 1 0 0 1 218245 4327056
0 1 1 1 0 1 216738 4545301
0 1 1 0 0 1 215059 4762039
0 0 1 0 0 0 0 0
0 1 1 0 0 1 213204 4977098
0 1 0 3 0 1 211195 5190302
0 1 0 1 0 1 209006 5401497
0 1 1 0 0 1 206689 5610503
0 1 1 1 0 1 204225 5817192
0 1 1 0 0 1 201644 6021417
0 1 1 1 0 1 198939 6223061
0 1 1 0 0 1 196133 6422000
0 0 1 0 0 0 0 0
0 0 0 0 0 0 0 0
0 0 1 0 0 0 0 0
0 1 1 0 0 1 193243 6618133
0 0 1 0 0 0 0 0
0 1 1 2 0 1 190265 6811376
0 1 1 0 0 1 187211 7001641
0 1 1 3 0 1 184121 7188852
0 1 1 2 0 1 180995 7372973
0 1 1 1 0 1 177833 7553968
0 1 1 3 0 1 174663 7731801
0 1 1 3 0 1 171489 7906464
0 0 1 0 0 0 0 0
0 1 0 2 0 1 168324 8077953
0 1 0 0 0 1 165195 8246277
0 1 1 2 0 1 162099 8411472
0 1 1 2 0 1 159066 8573571
0 1 1 1 0 1 156105 8732637
0 1 1 0 0 1 153204 8888742
0 0 0 3 0 0 0 0
0 1 1 1 0 1 150409 9041946
0 1 1 2 0 1 147718 9192355
0 1 0 1 0 1 145135 9340073
0 1 0 2 0 1 142684 9485208
0 0 1 1 0 0 0 0
0 1 1 0 0 1 140375 9627892
0 1 1 3 1 1 138193 9768267
0 0 1 3 0 0 0 0
0 1 1 2 0 1 136114 9906460
0 1 1 2 0 1 134133 10042574
0 1 1 1 0 1 132250 10176707
0 1 1 2 0 1 130479 10308957
0 1 1 2 0 1 128834 10439436
0 0 0 0 0 0 0 0
0 1 1 3 0 1 127320 10568270
0 1 1 3 0 1 125922 10695590
0 1 1 2 0 1 124669 10821512
0 1 1 3 0 1 123563 10946181
0 1 1 0 0 1 122604 11069744
0 1 0 2 0 1 121799 11192348
0 1 1 1 0 1 121155 11314147
0 1 1 3 0 1 120665 11435302
0 0 1 2 0 0 0 0
0 0 1 3 0 0 0 0
0 0 1 0 0 0 0 0
0 1 1 2 0 1 120343 11555967
0 1 1 2 0 1 120170 11676310
0 1 1 0 0 1 120170 11796480
0 1 1 2 0 1 120343 11916650
0 1 0 1 0 1 120665 12036993
0 1 1 3 0 1 121155 12157658
0 1 0 0 0 1 121799 12278813
0 1 0 0 0 1 122604 12400612
0 0 0 2 0 0 0 0
0 1 1 0 0 1 123563 12523216
0 1 0 0 0 1 124669 12646779
0 0 0 0 0 0 0 0
0 1 1 2 0 1 125922 12771448
0 1 1 0 0 1 127320 12897370
0 1 1 1 0 1 128834 13024690
0 1 1 1 0 1 130479 13153524
0 0 0 1 0 0 0 0
0 1 0 2 0 1 132250 13284003
0 0 1 1 0 0 0 0
0 1 1 3 0 1 134133 13416253
0 1 0 0 0 1 136114 13550386
0 1 1 1 0 1 138193 13686500
0 0 0 0 1 0 0 0
0 1 1 3 1 1 140375 13824693
0 1 0 1 0 1 142684 13965068
0 1 0 0 0 1 145135 14107752
0 1 0 3 0 1 147718 14252887
0 1 1 3 0 1 150409 14400605
0 1 1 1 0 1 153204 14551014
0 0 1 0 0 0 0 0
0 1 1 2 0 1 156105 14704218
0 1 1 1 0 1 159066 14860323
0 0 1 0 0 0 0 0
0 1 1 1 0 1 162099 15019389
0 1 0 3 0 1 165195 15181488
0 1 1 2 0 1 168324 15346683
0 1 0 3 0 1 171489 15515007
0 1 0 3 0 1 174663 15686496
0 0 0 2 0 0 0 0
0 1 1 3 0 1 177833 15861159
0 1 1 2 0 1 180995 16038992
0 0 1 3 0 0 0 0
0 1 0 1 0 1 184121 16219987
0 1 1 0 0 1 187211 16404108
0 1 1 3 0 1 190265 16591319
0 1 1 3 0 1 193243 4368
0 1 1 1 0 1 196133 197611
0 1 0 3 0 1 198939 393744
0 1 1 1 0 1 201644 592683
0 1 1 3 0 1 204225 794327
0 1 1 3 0 1 206689 998552
0 0 1 3 0 0 0 0
0 1 1 3 0 1 209006 1205241
0 1 1 1 0 1 211195 1414247
0 1 1 2 0 1 213204 1625442
0 1 1 2 0 1 215059 1838646
0 1 1 3 0 1 216738 2053705
0 1 1 2 0 1 218245 2270443
0 1 0 2 0 1 219564 2488688
0 0 1 1 0 0 0 0
0 1 0 1 0 1 220685 2708252
0 1 1 1 1 1 221579 2928937
0 1 1 2 0 1 222102 3150516
0 1 1 2 0 1 222199 3372618
0 1 1 0 0 1 221886 3594817
0 1 1 2 0 1 221173 3816703
0 1 0 3 0 1 220038 4037876
0 1 0 1 0 1 218512 4257914
0 1 1 1 0 1 216566 4476426
0 1 0 0 0 1 214255 4692992
0 1 1 1 0 1 211545 4907247
0 0 1 3 0 0 0 0
0 1 1 1 0 1 208484 5118792
0 1 1 2 0 1 205053 5327276
0 1 1 0 0 1 201281 5532329
0 1 1 0 0 1 197203 5733610
0 0 1 0 0 0 0 0
0 1 1 1 0 1 192797 5930813
0 1 1 2 0 1 188102 6123610
0 1 1 2 0 1 183158 6311712
0 1 0 1 0 1 177965 6494870
0 1 1 3 0 1 172547 6672835
0 1 1 0 0 1 166929 6845382
0 1 1 3 0 1 161133 7012311
0 1 1 1 0 1 155172 7173444
0 1 1 2 0 1 149097 7328616
0 1 0 3 0 1 142911 7477713
0 0 1 1 0 0 0 0
0 0 1 0 0 0 0 0
0 1 1 0 0 1 136662 7620624
0 1 1 1 0 1 130368 7757286
0 1 1 1 0 1 124038 7887654
0 1 1 3 0 1 117733 8011692
0 1 1 3 0 1 111454 8129425
0 1 0 3 0 1 105223 8240879
0 0 0 3 0 0 0 0
0 1 0 2 0 1 99094 8346102
0 0 1 2 0 0 0 0
0 0 0 0 0 0 0 0
0 1 1 1 0 1 93083 8445196
0 1 1 2 1 1 87165 8538279
0 1 0 0 0 1 81292 8625444
0 1 1 1 0 1 75445 8706736
0 1 1 3 0 1 69634 8782181
0 1 0 3 0 1 63907 8851815
0 1 1 1 0 1 58292 8915722
0 1 0 1 0 1 52795 8974014
0 1 1 0 0 1 47438 9026809
0 0 0 3 0 0 0 0
0 1 0 3 0 1 42257 9074247
0 1 0 3 0 1 37265 9116504
0 1 0 2 0 1 32492 9153769
0 1 1 0 0 1 27947 9186261
0 1 1 2 0 1 23669 9214208
0 1 1 0 0 1 19659 9237877
0 1 0 0 0 1 15945 9257536
0 1 0 1 0 1 12523 9273481
0 1 0 1 0 1 9433 9286004
0 1 1 2 0 1 6675 9295437
0 1 1 3 0 1 4249 9302112
0 0 1 0 0 0 0 0
0 1 1 1 0 1 2199 9306361
0 1 1 1 0 1 497 9308560
0 1 1 3 0 1 -828 9309057
0 1 1 0 0 1 -1765 9308229
0 0 1 1 0 0 0 0
0 1 1 3 0 1 -2333 9306464
0 1 0 2 0 1 -2502 9304131
0 1 1 3 0 1 -2295 9301629
0 1 1 1 0 1 -1708 9299334
0 0 1 0 0 0 0 0
0 0 1 3 0 0 0 0
0 0 1 3 0 0 0 0
0 1 0 2 0 1 -743 9297626
0 1 0 3 0 1 614 9296883
0 0 0 2 0 0 0 0
0 1 1 3 0 1 2335 9297497
0 1 1 1 0 1 4412 9299832
0 1 0 0 0 1 6855 9304244
0 1 0 0 1 0 0 0
0 1 1 1 1 1 9569 9311099
0 1 1 3 0 1 12242 9320668
0 1 0 0 0 1 14789 9332910
0 1 0 3 0 1 17210 9347699
0 1 0 1 0 1 19487 9364909
0 0 1 1 0 0 0 0
0 1 1 2 0 1 21602 9384396
0 1 1 1 0 1 23560 9405998
0 0 1 1 0 0 0 0
0 1 1 3 0 1 25346 9429558
0 1 1 1 0 1 26957 9454904
0 1 0 2 0 1 28379 9481861
0 1 1 3 0 1 29612 9510240
0 1 1 1 0 1 30647 9539852
0 1 1 1 0 1 31475 9570499
0 1 1 1 0 1 32105 9601974
0 1 0 1 0 1 32519 9634079
0 1 1 1 0 1 32730 9666598
0 1 0 2 0 1 32730 9699328
0 0 0 2 0 0 0 0
0 1 1 2 0 1 32519 9732058
0 1 0 2 0 1 32105 9764577
0 1 1 3 0 1 31475 9796682
0 0 1 3 0 0 0 0
0 1 1 0 0 1 30647 9828157
0 1 0 0 0 1 29612 9858804
0 0 1 2 0 0 0 0
0 1 1 1 0 1 28379 9888416
0 1 1 3 0 1 26957 9916795
0 1 0 2 0 1 25346 9943752
0 1 0 1 0 1 23560 9969098
0 0 1 1 0 0 0 0
0 0 0 0 0 0 0 0
0 1 1 3 0 1 21602 9992658
0 1 1 3 0 1 19487 10014260
0 1 1 1 0 1 17210 10033747
0 1 1 1 0 1 14789 10050957
0 1 0 0 0 1 12242 10065746
0 1 1 0 0 1 9569 10077988
0 1 1 2 1 1 6815 10087557
0 1 1 2 0 1 4142 10094372
0 1 1 2 0 1 1595 10098514
0 1 1 1 0 1 -826 10100109
0 1 0 2 0 1 -3103 10099283
0 1 1 2 0 1 -5218 10096180
0 1 0 3 0 1 -7175 10090962
0 1 0 2 0 1 -8962 10083787
0 1 0 3 0 1 -10573 10074825
0 0 1 3 0 0 0 0
0 1 0 2 0 1 -11995 10064252
0 1 1 2 0 1 -13228 10052257
0 1 0 3 0 1 -14263 10039029
0 1 1 2 0 1 -15091 10024766
0 1 1 2 0 1 -15721 10009675
0 1 1 0 0 1 -16135 9993954
0 0 0 1 0 0 0 0
0 1 1 2 0 1 -16347 9977819
0 1 1 2 0 1 -16347 9961472
0 1 1 0 0 1 -16135 9945125
0 1 0 1 0 1 -15721 9928990
0 1 1 1 0 1 -15091 9913269
0 1 0 3 0 1 -14263 9898178
0 1 1 3 0 1 -13228 9883915
0 1 0 3 0 1 -11995 9870687
0 1 0 2 0 1 -10573 9858692
0 1 0 0 0 1 -8962 9848119
0 1 1 3 0 1 -7175 9839157
0 1 1 3 0 1 -5218 9831982
0 1 1 0 0 1 -3103 9826764
0 0 1 0 0 0 0 0
0 1 0 3 0 1 -826 9823661
0 0 1 2 0 0 0 0
0 1 1 3 0 1 1595 9822835
0 1 0 3 0 1 4142 9824430
0 0 1 2 0 0 0 0
0 1 0 2 0 1 6815 9828572
0 0 0 2 1 0 0 0
0 0 1 1 1 0 0 0
0 0 1 2 1 0 0 0
0 1 1 2 1 1 9601 9835387
0 1 1 1 0 1 12458 9844988
0 0 1 2 0 0 0 0
0 1 1 1 0 1 15381 9857446
0 0 1 1 0 0 0 0
0 1 1 3 0 1 18362 9872827
0 1 1 2 0 1 21375 9891189
0 0 1 0 0 0 0 0
0 1 1 1 0 1 24410 9912564
0 1 0 1 0 1 27464 9936974
0 1 1 1 0 1 30514 9964438
0 1 1 1 0 1 33549 9994952
0 0 0 1 0 0 0 0
0 1 1 2 0 1 36563 10028501
0 1 1 3 0 1 39532 10065064
0 1 0 3 0 1 42455 10104596
0 0 1 0 0 0 0 0
0 1 1 0 0 1 45307 10147051
0 1 1 1 0 1 48081 10192358
0 1 1 0 0 1 50767 10240439
0 1 1 3 0 1 53354 10291206
0 1 1 2 0 1 55826 10344560
0 0 0 3 0 0 0 0
0 1 0 3 0 1 58183 10400386
0 1 0 2 0 1 60409 10458569
0 0 1 3 0 0 0 0
0 0 1 0 0 0 0 0
0 1 0 1 0 1 62483 10518978
0 0 1 3 0 0 0 0
0 1 1 1 0 1 64415 10581461
0 1 1 3 0 1 66188 10645876
0 1 1 0 0 1 67787 10712064
0 1 1 0 0 1 69221 10779851
0 1 1 1 0 1 70466 10849072
0 0 1 0 0 0 0 0
0 1 1 3 0 1 71536 10919538
0 1 1 2 0 1 72410 10991074
0 1 0 1 0 1 73095 11063484
0 0 1 0 0 0 0 0
0 1 1 2 0 1 73578 11136579
0 1 1 3 0 1 73869 11210157
0 1 0 3 0 1 73962 11284026
0 1 1 3 0 1 73849 11357988
0 1 1 0 1 1 73495 11431837
0 1 1 1 0 1 72738 11505332
0 1 1 0 0 1 71515 11578070
0 0 1 2 0 0 0 0
0 0 1 1 0 0 0 0
0 1 1 3 0 1 69846 11649585
0 1 1 0 0 1 67753 11719431
0 1 0 0 0 1 65218 11787184
0 1 1 0 0 1 62265 11852402
0 0 1 1 0 0 0 0
0 1 0 3 0 1 58902 11914667
0 0 1 0 0 0 0 0
0 1 1 3 0 1 55163 11973569
0 1 1 0 0 1 51025 12028732
0 1 1 1 0 1 46548 12079757
0 1 1 1 0 1 41713 12126305
0 1 1 1 0 1 36561 12168018
0 1 1 2 0 1 31131 12204579
0 1 1 2 0 1 25405 12235710
0 1 0 2 0 1 19437 12261115
0 1 1 1 0 1 13257 12280552
0 1 1 2 0 1 6865 12293809
0 1 1 3 0 1 311 12300674
0 1 0 0 0 1 -6379 12300985
0 1 0 3 0 1 -13187 12294606
0 1 1 1 0 1 -20092 12281419
0 1 1 3 0 1 -27035 12261327
0 1 1 2 0 1 -34017 12234292
0 1 1 3 0 1 -40978 12200275
0 1 1 1 0 1 -47915 12159297
0 1 1 2 0 1 -54782 12111382
0 1 1 0 0 1 -61547 12056600
0 1 1 0 0 1 -68194 11995053
0 1 1 0 0 1 -74705 11926859
0 0 0 3 0 0 0 0
0 1 0 0 0 1 -81022 11852154
0 1 1 0 0 1 -87125 11771132
0 1 1 3 1 1 -92987 11684007
0 1 1 3 0 1 -98446 11591020
0 1 1 2 0 1 -103447 11492574
0 1 1 1 0 1 -107998 11389127
0 1 1 0 0 1 -112069 11281129
0 1 1 3 0 1 -115614 11169060
0 1 1 2 0 1 -118656 11053446
0 1 0 0 0 1 -121158 10934790
0 0 1 3 0 0 0 0
0 1 0 0 0 1 -123135 10813632
0 1 1 2 0 1 -124545 10690497
0 0 1 1 0 0 0 0
0 1 0 3 0 1 -125412 10565952
0 1 1 3 0 1 -125709 10440540
0 1 1 0 0 1 -125433 10314831
0 0 1 3 0 0 0 0
0 1 0 2 0 1 -124619 10189398
0 1 0 3 0 1 -123221 10064779
0 1 0 0 0 1 -121286 9941558
0 1 0 3 0 1 -118814 9820272
0 1 0 1 0 1 -115805 9701458
0 0 0 0 0 0 0 0
0 0 1 3 0 0 0 0
0 1 1 0 0 1 -112291 9585653
0 1 1 1 0 1 -108257 9473362
0 1 0 0 0 1 -103749 9365105
0 1 1 2 0 1 -98756 9261356
0 1 1 2 0 1 -93321 9162600
0 1 1 1 0 1 -87463 9069279
0 1 1 2 0 1 -81206 8981816
0 1 0 3 0 1 -74584 8900610
0 0 0 1 0 0 0 0
0 0 1 3 0 0 0 0
0 1 0 1 0 1 -67614 8826026
0 1 1 1 0 1 -60349 8758412
0 1 1 3 0 1 -52782 8698063
0 1 0 3 0 1 -44959 8645281
0 1 1 2 0 1 -36942 8600322
0 0 1 1 0 0 0 0
0 1 1 1 0 1 -28739 8563380
0 1 1 2 1 1 -20365 8534641
0 1 0 3 0 1 -11886 8514276
0 1 1 1 0 1 -3305 8502390
0 0 1 1 0 0 0 0
0 1 0 3 0 1 5358 8499085
0 1 1 0 0 1 14029 8504443
0 1 1 0 0 1 22674 8518472
0 1 0 2 0 1 31285 8541146
0 1 1 2 0 1 39806 8572431
0 1 1 0 0 1 48199 8612237
0 1 1 1 0 1 56445 8660436
0 1 1 0 0 1 64484 8716881
0 1 1 2 0 1 72309 8781365
0 1 1 0 0 1 79853 8853674
0 1 1 0 0 1 87103 8933527
0 1 1 3 0 1 94025 9020630
0 1 1 3 0 1 100601 9114655
0 1 1 2 0 1 106781 9215256
0 0 0 1 0 0 0 0
0 0 1 0 0 0 0 0
0 1 0 2 0 1 112565 9322037
0 0 1 3 0 0 0 0
0 1 1 3 0 1 117923 9434602
0 0 1 3 0 0 0 0
0 1 1 2 0 1 122793 9552525
0 1 1 2 0 1 127209 9675318
0 1 0 2 0 1 131124 9802527
0 0 1 2 0 0 0 0
0 1 1 2 0 1 134505 9933651
0 1 0 3 0 1 137379 10068156
0 1 1 1 0 1 139686 10205535
0 1 1 2 0 1 141465 10345221
0 1 0 0 0 1 142674 10486686
0 1 1 0 0 1 143329 10629360
0 0 1 1 0 0 0 0
0 1 0 1 0 1 143398 10772689
0 1 1 3 0 1 142915 10916087
0 1 1 1 0 1 141874 11059002
0 1 1 1 0 1 140255 11200876
0 1 1 0 1 1 138097 11341131
0 1 0 0 0 1 135466 11479228
0 0 0 1 0 0 0 0
0 1 1 0 0 1 132357 11614694
0 0 1 2 0 0 0 0
0 1 1 0 0 1 128794 11747051
0 1 1 1 0 1 124815 11875845
0 1 0 1 0 1 120410 12000660
0 1 0 2 0 1 115608 12121070
0 1 0 3 0 1 110418 12236678
0 1 1 1 0 1 104893 12347096
0 1 1 2 0 1 99011 12451989
0 0 0 1 0 0 0 0
0 1 0 3 0 1 92844 12551000
0 1 1 0 0 1 86375 12643844
0 1 0 1 0 1 79659 12730219
0 0 1 2 0 0 0 0
0 1 0 3 0 1 72737 12809878
0 1 1 3 0 1 65599 12882615
0 1 0 1 0 1 58298 12948214
0 1 1 3 0 1 50882 13006512
0 1 0 0 0 1 43351 13057394
0 1 1 1 0 1 35753 13100745
0 1 1 0 0 1 28131 13136498
0 1 0 0 0 1 20495 13164629
0 1 0 2 0 1 12876 13185124
0 1 0 2 0 1 5339 13198000
0 1 1 0 0 1 -2123 13203339
0 1 1 1 0 1 -9438 13201216
0 1 1 1 0 1 -16608 13191778
0 1 1 1 0 1 -23590 13175170
0 1 0 3 0 1 -30345 13151580
0 1 1 3 0 1 -36854 13121235
0 0 0 1 0 0 0 0
0 1 1 3 0 1 -43107 13084381
0 0 1 1 0 0 0 0
0 1 1 0 0 1 -49046 13041274
0 1 1 1 0 1 -54647 12992228
0 1 1 2 1 1 -59945 12937581
0 1 0 1 0 1 -64994 12877636
0 1 1 3 0 1 -69805 12812642
0 1 1 1 0 1 -74378 12742837
0 1 1 1 0 1 -78679 12668459
0 1 1 3 0 1 -82674 12589780
0 1 1 0 0 1 -86375 12507106
0 0 0 1 0 0 0 0
0 0 1 1 0 0 0 0
0 0 1 1 0 0 0 0
0 1 0 2 0 1 -89746 12420731
0 1 1 2 0 1 -92789 12330985
0 1 1 1 0 1 -95475 12238196
0 1 1 2 0 1 -97804 12142721
0 1 1 3 0 1 -99759 12044917
0 1 1 0 0 1 -101323 11945158
0 1 0 1 0 1 -102513 11843835
0 1 1 1 0 1 -103295 11741322
0 1 1 2 0 1 -103691 11638027
0 1 1 1 0 1 -103691 11534336
0 1 0 1 0 1 -103295 11430645
0 1 1 2 0 1 -102513 11327350
0 1 1 0 0 1 -101323 11224837
0 1 1 3 0 1 -99759 11123514
0 1 1 1 0 1 -97804 11023755
0 0 1 0 0 0 0 0
0 0 1 2 0 0 0 0
0 1 1 0 0 1 -95475 10925951
0 1 0 3 0 1 -92789 10830476
0 0 0 3 0 0 0 0
0 1 1 1 0 1 -89746 10737687
0 0 1 1 0 0 0 0
0 1 1 0 0 1 -86375 10647941
0 1 1 3 0 1 -82674 10561566
0 0 1 0 0 0 0 0
0 1 0 0 0 1 -78679 10478892
0 1 0 0 0 1 -74378 10400213
0 1 1 0 0 1 -69805 10325835
0 1 0 2 0 1 -64994 10256030
0 1 1 3 0 1 -59945 10191036
0 1 1 3 1 1 -54647 10131091
0 1 1 1 0 1 -49046 10076444
0 1 0 0 0 1 -43107 10027398
0 0 0 2 0 0 0 0
0 1 1 3 0 1 -36854 9984291
0 1 1 1 0 1 -30345 9947437
0 1 0 3 0 1 -23590 9917092
0 1 0 1 0 1 -16608 9893502
0 1 1 3 0 1 -9438 9876894
0 1 0 0 0 1 -2123 9867456
0 1 1 1 0 1 5339 9865333
0 1 1 1 0 1 12876 9870672
0 1 1 2 0 1 20495 9883548
0 1 0 1 0 1 28131 9904043
0 1 1 3 0 1 35753 9932174
0 1 0 1 0 1 43351 9967927
0 1 1 0 0 1 50882 10011278
0 1 0 1 0 1 58298 10062160
0 1 1 1 0 1 65599 10120458
0 1 1 1 0 1 72737 10186057
0 1 1 0 0 1 79659 10258794
0 0 1 3 0 0 0 0
0 0 1 0 0 0 0 0
0 1 1 1 0 1 86375 10338453
0 0 1 1 0 0 0 0
0 1 1 2 0 1 92844 10424828
0 0 0 0 0 0 0 0
0 1 1 3 0 1 99011 10517672
0 1 1 2 0 1 104893 10616683
0 0 1 2 0 0 0 0
0 0 0 0 0 0 0 0
0 1 1 3 0 1 110418 10721576
0 0 1 3 0 0 0 0
0 1 1 0 0 1 115608 10831994
0 1 1 3 0 1 120410 10947602
0 0 1 0 0 0 0 0
0 1 1 1 0 1 124815 11068012
0 0 1 2 0 0 0 0
0 0 0 3 0 0 0 0
0 0 1 1 0 0 0 0
0 0 1 2 0 0 0 0
0 1 1 0 0 1 128794 11192827
0 1 1 0 0 1 132357 11321621
0 1 1 2 0 1 135466 11453978
0 0 1 0 0 0 0 0
0 1 0 2 0 1 138097 11589444
0 1 1 3 1 1 140375 11727541
0 1 1 2 0 1 142684 11867916
0 1 1 3 0 1 145135 12010600
0 1 0 1 0 1 147718 12155735
0 1 1 3 0 1 150409 12303453
0 1 1 0 0 1 153204 12453862
0 0 0 0 0 0 0 0
0 0 1 2 0 0 0 0
0 1 0 1 0 1 156105 12607066
0 0 1 1 0 0 0 0
0 1 1 2 0 1 159066 12763171
0 1 1 1 0 1 162099 12922237
0 0 0 0 0 0 0 0
0 1 1 3 0 1 165195 13084336
0 1 1 3 0 1 168324 13249531
0 1 1 0 0 1 171489 13417855
0 0 1 1 0 0 0 0
0 1 1 3 0 1 174663 13589344
0 1 1 0 0 1 177833 13764007
0 1 1 1 0 1 180995 13941840
0 1 1 0 0 1 184121 14122835
0 1 1 3 0 1 187211 14306956
0 1 1 0 0 1 190265 14494167
0 1 0 3 0 1 193243 14684432
0 0 1 2 0 0 0 0
0 1 1 3 0 1 196133 14877675
0 1 1 0 0 1 198939 15073808
0 1 1 2 0 1 201644 15272747
0 1 1 1 0 1 204225 15474391
0 1 0 0 0 1 206689 15678616
0 1 1 1 0 1 209006 15885305
0 0 1 0 0 0 0 0
0 1 1 2 0 1 211195 16094311
0 1 0 1 0 1 213204 16305506
0 1 0 3 0 1 215059 16518710
0 1 1 3 0 1 216738 16733769
0 1 0 1 0 1 218245 173291
0 1 0 0 0 1 219564 391536
0 1 1 2 0 1 220685 611100
0 0 1 1 1 0 0 0
0 1 1 2 1 1 221611 831785
0 0 0 1 0 0 0 0
0 1 1 0 0 1 222318 1053396
0 1 1 0 0 1 222791 1275714
0 0 0 3 0 0 0 0
0 1 1 3 0 1 223038 1498505
0 1 0 3 0 1 223061 1721543
0 1 1 0 0 1 222846 1944604
0 1 1 3 0 1 222416 2167450
0 1 0 3 0 1 221734 2389866
0 1 0 0 0 1 220847 2611600
0 1 1 2 0 1 219729 2832447
0 1 1 0 0 1 218404 3052176
0 0 1 1 0 0 0 0
0 1 1 3 0 1 216861 3270580
0 1 1 1 0 1 215113 3487441
0 0 0 1 0 0 0 0
0 1 1 2 0 1 213179 3702554
0 1 1 3 0 1 211045 3915733
0 0 1 1 0 0 0 0
0 1 1 1 0 1 208726 4126778
0 1 1 0 0 1 206254 4335504
0 1 1 0 0 1 203629 4541758
0 1 1 3 0 1 200851 4745387
0 0 1 3 0 0 0 0
0 1 1 1 0 1 197937 4946238
0 1 1 2 0 1 194901 5144175
0 1 0 3 0 1 191748 5339076
0 0 1 3 0 0 0 0
0 1 0 1 0 1 188505 5530824
0 1 0 0 0 1 185175 5719329
0 1 1 2 0 1 181782 5904504
0 1 0 1 0 1 178344 6086286
0 1 0 3 0 1 174846 6264630
0 1 1 2 0 1 171341 6439476
0 0 1 2 0 0 0 0
0 0 0 2 0 0 0 0
0 1 1 2 0 1 167822 6610817
0 1 1 0 0 1 164303 6778639
0 1 1 2 0 1 160814 6942942
0 1 1 2 0 1 157363 7103756
0 1 1 2 1 1 153925 7261119
0 1 0 1 0 1 150428 7415044
0 1 0 0 0 1 146845 7565472
0 1 1 0 0 1 143186 7712317
0 0 1 0 0 0 0 0
0 1 1 0 0 1 139483 7855503
0 1 1 0 0 1 135748 7994986
0 1 0 0 0 1 131995 8130734
0 1 1 1 0 1 128222 8262729
0 0 0 1 0 0 0 0
0 0 0 2 0 0 0 0
0 1 1 0 0 1 124473 8390951
0 1 1 3 0 1 120745 8515424
0 1 1 2 0 1 117068 8636169
0 1 1 1 0 1 113443 8753237
0 1 0 0 0 1 109901 8866680
0 0 0 0 0 0 0 0
0 1 1 1 0 1 106451 8976581
0 1 1 2 0 1 103105 9083032
0 0 1 0 0 0 0 0
0 1 0 1 0 1 99867 9186137
0 0 1 0 0 0 0 0
0 1 1 1 0 1 96777 9286004
0 1 1 2 0 1 93835 9382781
0 1 1 2 0 1 91041 9476616
0 1 0 3 0 1 88431 9567657
0 1 0 2 0 1 85993 9656088
0 1 1 2 0 1 83748 9742081
0 0 1 0 0 0 0 0
0 1 1 2 0 1 81715 9825829
0 1 1 2 0 1 79883 9907544
0 1 1 2 0 1 78282 9987427
0 1 0 2 0 1 76905 10065709
0 1 1 1 0 1 75748 10142614
0 1 1 3 0 1 74833 10218362
0 1 0 1 0 1 74166 10293195
0 1 0 3 0 1 73735 10367361
0 1 0 1 0 1 73548 10441096
0 1 1 1 0 1 73615 10514644
0 1 1 3 1 1 73913 10588259
0 1 0 2 0 1 74394 10662172
0 1 1 2 0 1 75053 10736566
0 1 1 2 0 1 75882 10811619
0 1 0 0 0 1 76871 10887501
0 1 1 3 0 1 78026 10964372
0 1 0 0 0 1 79344 11042398
0 1 0 1 0 1 80802 11121742
0 0 0 0 0 0 0 0
0 0 1 2 0 0 0 0
0 1 1 0 0 1 82405 11202544
0 1 0 1 0 1 84155 11284949
0 1 1 3 0 1 86028 11369104
0 1 1 2 0 1 88031 11455132
0 1 0 0 0 1 90147 11543163
0 1 1 1 0 1 92361 11633310
0 1 1 3 0 1 94679 11725671
0 1 1 3 0 1 97074 11820350
0 1 1 0 0 1 99546 11917424
0 1 1 1 0 1 102095 12016970
0 1 1 3 0 1 104689 12119065
0 1 0 3 0 1 107323 12223754
0 1 1 3 0 1 109991 12331077
0 1 1 3 0 1 112684 12441068
0 1 0 0 0 1 115379 12553752
0 1 1 1 0 1 118077 12669131
0 1 1 3 0 1 120754 12787208
0 1 0 0 0 1 123416 12907962
0 1 1 3 0 1 126026 13031378
0 1 1 0 0 1 128591 13157404
0 1 1 2 0 1 131098 13285995
0 1 1 1 0 1 133541 13417093
0 0 1 2 0 0 0 0
0 1 1 1 0 1 135898 13550634
0 0 1 1 0 0 0 0
0 1 1 1 0 1 138161 13686532
0 0 0 0 1 0 0 0
0 1 1 3 1 1 140375 13824693
0 1 0 1 0 1 142684 13965068
0 1 1 3 0 1 145135 14107752
0 0 1 1 0 0 0 0
0 1 1 3 0 1 147718 14252887
0 1 1 1 0 1 150409 14400605
0 1 0 0 0 1 153204 14551014
0 1 0 3 0 1 156105 14704218
0 0 1 1 0 0 0 0
0 1 0 3 0 1 159066 14860323
0 1 0 0 0 1 162099 15019389
0 1 1 3 0 1 165195 15181488
0 1 1 0 0 1 168324 15346683
0 1 1 3 0 1 171489 15515007
0 1 0 2 0 1 174663 15686496
0 1 1 3 0 1 177833 15861159
0 1 1 2 0 1 180995 16038992
0 1 1 1 0 1 184121 16219987
0 1 1 0 0 1 187211 16404108
0 1 1 2 0 1 190265 16591319
0 0 1 2 0 0 0 0
0 0 1 0 0 0 0 0
0 1 0 2 0 1 193243 4368
0 1 0 3 0 1 196133 197611
0 1 1 0 0 1 198939 393744
0 1 0 0 0 1 201644 592683
0 1 0 1 0 1 204225 794327
0 1 1 0 0 1 206689 998552
0 1 1 2 0 1 209006 1205241
0 0 1 0 0 0 0 0
0 1 1 1 0 1 211195 1414247
0 1 1 3 0 1 213204 1625442
0 0 0 3 0 0 0 0
0 0 1 2 0 0 0 0
0 1 1 1 0 1 215059 1838646
0 1 1 0 0 1 216738 2053705
0 1 0 1 0 1 218245 2270443
0 1 1 3 0 1 219564 2488688
0 1 1 0 0 1 220685 2708252
0 1 0 3 1 0 0 0
0 0 0 3 1 0 0 0
0 1 0 1 1 0 0 0
0 1 1 2 1 1 221611 2928937
0 1 1 3 0 1 222318 3150548
0 1 1 1 0 1 222791 3372866
0 0 1 2 0 0 0 0
0 1 1 3 0 1 223038 3595657
0 1 0 1 0 1 223061 3818695
0 1 1 2 0 1 222846 4041756
0 1 0 2 0 1 222416 4264602
0 0 1 3 0 0 0 0
0 1 1 2 0 1 221734 4487018
0 1 0 3 0 1 220847 4708752
0 1 1 0 0 1 219729 4929599
0 1 1 3 0 1 218404 5149328
0 1 1 3 0 1 216861 5367732
0 1 1 1 0 1 215113 5584593
0 1 1 0 0 1 213179 5799706
0 1 1 3 0 1 211045 6012885
0 1 1 1 0 1 208726 6223930
0 1 1 0 0 1 206254 6432656
0 0 1 2 0 0 0 0
0 0 1 0 0 0 0 0
0 1 1 1 0 1 203629 6638910
0 1 0 2 0 1 200851 6842539
0 1 1 2 0 1 197937 7043390
0 1 0 3 0 1 194901 7241327
0 1 0 0 0 1 191748 7436228
0 1 1 2 0 1 188505 7627976
0 0 0 0 0 0 0 0
0 1 1 1 0 1 185175 7816481
0 1 1 3 0 1 181782 8001656
0 1 1 3 0 1 178344 8183438
0 1 0 1 0 1 174846 8361782
0 0 1 2 0 0 0 0
0 0 0 3 0 0 0 0
0 1 1 1 0 1 171341 8536628
0 1 1 3 0 1 167822 8707969
0 1 1 3 0 1 164303 8875791
0 1 1 0 0 1 160814 9040094
0 1 1 1 0 1 157363 9200908
0 1 0 3 1 0 0 0
0 1 0 3 1 0 0 0
0 1 1 2 1 1 153925 9358271
0 1 1 0 0 1 150428 9512196
0 1 0 1 0 1 146845 9662624
0 1 0 2 0 1 143186 9809469
0 1 1 1 0 1 139483 9952655
0 1 1 0 0 1 135748 10092138
0 0 1 3 0 0 0 0
0 1 1 2 0 1 131995 10227886
0 0 1 3 0 0 0 0
0 1 1 0 0 1 128222 10359881
0 1 1 1 0 1 124473 10488103
0 1 1 3 0 1 120745 10612576
0 1 1 2 0 1 117068 10733321
0 0 0 3 0 0 0 0
0 1 0 1 0 1 113443 10850389
0 1 1 1 0 1 109901 10963832
0 1 0 1 0 1 106451 11073733
0 1 1 2 0 1 103105 11180184
0 1 1 0 0 1 99867 11283289
0 1 1 3 0 1 96777 11383156
0 1 0 1 0 1 93835 11479933
0 0 1 1 0 0 0 0
0 1 1 0 0 1 91041 11573768
0 1 1 0 0 1 88431 11664809
0 1 0 3 0 1 85993 11753240
0 1 0 2 0 1 83748 11839233
0 0 0 3 0 0 0 0
0 1 0 1 0 1 81715 11922981
0 1 1 2 0 1 79883 12004696
0 1 1 3 0 1 78282 12084579
0 1 1 2 0 1 76905 12162861
0 1 1 0 0 1 75748 12239766
0 1 1 3 0 1 74833 12315514
0 1 1 1 0 1 74166 12390347
0 1 1 1 0 1 73735 12464513
0 1 0 0 0 1 73548 12538248
0 1 0 3 0 1 73615 12611796
0 1 0 1 1 0 0 0
0 0 1 0 1 0 0 0
0 1 0 1 1 0 0 0
0 1 1 1 1 1 73849 12685411
0 0 0 2 0 0 0 0
0 1 0 2 0 1 73962 12759260
0 1 0 2 0 1 73869 12833222
0 0 1 2 0 0 0 0
0 1 0 1 0 1 73578 12907091
0 1 0 2 0 1 73095 12980669
0 1 1 2 0 1 72410 13053764
0 0 1 3 0 0 0 0
0 1 1 2 0 1 71536 13126174
0 1 1 1 0 1 70466 13197710
0 0 0 1 0 0 0 0
0 0 1 2 0 0 0 0
0 1 1 2 0 1 69221 13268176
0 1 1 2 0 1 67787 13337397
0 1 1 3 0 1 66188 13405184
0 1 1 1 0 1 64415 13471372
0 1 1 1 0 1 62483 13535787
0 1 1 3 0 1 60409 13598270
0 1 1 2 0 1 58183 13658679
0 0 1 2 0 0 0 0
0 1 1 2 0 1 55826 13716862
0 1 1 1 0 1 53354 13772688
0 1 1 3 0 1 50767 13826042
0 1 1 1 0 1 48081 13876809
0 1 1 1 0 1 45307 13924890
0 1 1 0 0 1 42455 13970197
0 1 0 3 0 1 39532 14012652
0 1 1 1 0 1 36563 14052184
0 1 0 0 0 1 33549 14088747
0 0 0 3 0 0 0 0
0 1 0 1 0 1 30514 14122296
0 1 1 2 0 1 27464 14152810
0 1 1 0 0 1 24410 14180274
0 1 0 1 0 1 21375 14204684
0 1 1 1 0 1 18362 14226059
0 0 1 1 0 0 0 0
0 0 0 1 0 0 0 0
0 1 0 2 0 1 15381 14244421
0 1 1 1 0 1 12458 14259802
0 1 0 1 0 1 9601 14272260
0 1 1 0 1 1 6735 14281861
0 0 1 0 0 0 0 0
0 0 1 2 0 0 0 0
0 1 1 0 0 1 3602 14288596
0 1 1 3 0 1 115 14292198
0 1 1 3 0 1 -3706 14292313
0 0 1 1 0 0 0 0
0 1 1 1 0 1 -7823 14288607
0 0 1 2 0 0 0 0
0 1 1 2 0 1 -12238 14280784
0 1 1 1 0 1 -16935 14268546
0 1 1 2 0 1 -21882 14251611
0 1 1 3 0 1 -27053 14229729
0 0 0 2 0 0 0 0
0 0 1 1 0 0 0 0
0 0 0 2 0 0 0 0
0 1 0 0 0 1 -32455 14202676
0 1 0 3 0 1 -38028 14170221
0 1 1 1 0 1 -43783 14132193
0 1 1 1 0 1 -49671 14088410
0 1 1 2 0 1 -55661 14038739
0 1 1 2 0 1 -61755 13983078
0 1 0 2 0 1 -67907 13921323
0 0 1 1 0 0 0 0
0 1 1 2 0 1 -74087 13853416
0 1 1 2 0 1 -80295 13779329
0 1 1 3 0 1 -86481 13699034
0 1 1 1 0 1 -92611 13612553
0 1 0 1 0 1 -98683 13519942
0 1 0 1 0 1 -104668 13421259
0 1 1 1 0 1 -110515 13316591
0 1 0 2 0 1 -116233 13206076
0 1 0 2 0 1 -121762 13089843
0 0 1 1 0 0 0 0
0 0 1 3 0 0 0 0
0 1 0 0 0 1 -127115 12968081
0 0 1 0 0 0 0 0
0 1 1 3 0 1 -132238 12840966
0 0 1 2 0 0 0 0
0 1 0 1 0 1 -137123 12708728
0 1 1 3 0 1 -141746 12571605
0 1 1 2 0 1 -146105 12429859
0 0 1 3 0 0 0 0
0 1 0 0 0 1 -150158 12283754
0 1 1 2 0 1 -153885 12133596
0 0 1 1 1 0 0 0
0 1 1 1 1 1 -157331 11979711
0 1 1 2 0 1 -160598 11822380
0 1 1 2 0 1 -163711 11661782
0 1 1 3 0 1 -166670 11498071
0 0 0 2 0 0 0 0
0 0 0 3 0 0 0 0
0 1 1 0 0 1 -169453 11331401
0 1 1 3 0 1 -172038 11161948
0 1 1 0 0 1 -174440 10989910
0 1 1 2 0 1 -176614 10815470
0 1 1 1 0 1 -178583 10638856
0 1 0 0 0 1 -180321 10460273
0 1 0 3 0 1 -181828 10279952
0 0 0 3 0 0 0 0
0 1 0 0 0 1 -183093 10098124
0 0 1 1 0 0 0 0
0 1 1 2 0 1 -184105 9915031
0 1 1 3 0 1 -184875 9730926
0 0 0 0 0 0 0 0
0 1 1 0 0 1 -185381 9546051
0 1 1 0 0 1 -185630 9360670
0 1 1 2 0 1 -185630 9175040
0 1 1 0 0 1 -185381 8989410
0 1 1 0 0 1 -184875 8804029
0 1 1 2 0 1 -184105 8619154
0 1 1 0 0 1 -183093 8435049
0 1 1 0 0 1 -181828 8251956
0 1 1 3 0 1 -180321 8070128
0 1 1 1 0 1 -178583 7889807
0 1 1 1 0 1 -176614 7711224
0 1 1 0 0 1 -174440 7534610
0 1 0 3 0 1 -172038 7360170
0 1 1 3 0 1 -169453 7188132
0 1 1 1 0 1 -166670 7018679
0 1 1 2 0 1 -163711 6852009
0 1 1 2 0 1 -160598 6688298
0 1 1 2 0 1 -157331 6527700
0 1 1 3 1 1 -153845 6370369
0 0 1 1 0 0 0 0
0 1 1 3 0 1 -149888 6216524
0 1 1 2 0 1 -145365 6066636
0 1 1 2 0 1 -140306 5921271
0 1 0 0 0 1 -134763 5780965
0 1 1 0 0 1 -128728 5646202
0 1 1 3 0 1 -122235 5517474
0 0 1 0 0 0 0 0
0 0 0 3 0 0 0 0
0 1 1 2 0 1 -115302 5395239
0 1 1 3 0 1 -107993 5279937
0 0 1 2 0 0 0 0
0 1 0 2 0 1 -100285 5171944
0 1 1 0 0 1 -92268 5071659
0 1 0 3 0 1 -83923 4979391
0 1 1 3 0 1 -75321 4895468
0 1 1 1 0 1 -66511 4820147
0 1 1 3 0 1 -57485 4753636
0 1 1 1 0 1 -48307 4696151
0 1 1 2 0 1 -39037 4647844
0 1 0 2 0 1 -29675 4608807
0 1 0 3 0 1 -20281 4579132
0 0 1 2 0 0 0 0
0 1 1 1 0 1 -10911 4558851
0 1 0 0 0 1 -1573 4547940
0 1 1 0 0 1 7692 4546367
0 1 1 0 0 1 16805 4554059
0 0 1 2 0 0 0 0
0 1 1 3 0 1 25777 4570864
0 1 1 2 0 1 34518 4596641
0 0 0 2 0 0 0 0
0 1 0 2 0 1 43035 4631159
0 1 0 0 0 1 51272 4674194
0 1 1 0 0 1 59187 4725466
0 1 1 1 0 1 66754 4784653
0 1 0 3 0 1 73965 4851407
0 1 1 2 0 1 80752 4925372
0 0 0 0 0 0 0 0
0 1 1 2 0 1 87085 5006124
0 1 1 0 1 1 92987 5093209
0 1 1 2 0 1 98446 5186196
0 1 1 2 0 1 103447 5284642
0 1 0 1 0 1 107998 5388089
0 1 0 3 0 1 112069 5496087
0 1 1 2 0 1 115614 5608156
0 1 1 2 0 1 118656 5723770
0 1 1 1 0 1 121158 5842426
0 1 1 0 0 1 123135 5963584
0 1 1 2 0 1 124545 6086719
0 0 1 0 0 0 0 0
0 1 1 0 0 1 125412 6211264
0 1 1 0 0 1 125709 6336676
0 1 1 0 0 1 125433 6462385
0 1 0 2 0 1 124619 6587818
0 1 0 3 0 1 123221 6712437
0 0 1 0 0 0 0 0
0 0 1 3 0 0 0 0
0 1 1 0 0 1 121286 6835658
0 1 0 1 0 1 118814 6956944
0 1 1 3 0 1 115805 7075758
0 0 1 3 0 0 0 0
0 1 1 2 0 1 112291 7191563
0 1 1 0 0 1 108257 7303854
0 0 1 3 0 0 0 0
0 1 1 0 0 1 103749 7412111
0 1 1 1 0 1 98756 7515860
0 0 1 3 0 0 0 0
0 0 0 1 0 0 0 0
0 1 1 0 0 1 93321 7614616
0 1 1 1 0 1 87463 7707937
0 1 1 2 0 1 81206 7795400
0 1 1 1 0 1 74584 7876606
0 1 1 2 0 1 67614 7951190
0 1 0 2 0 1 60349 8018804
0 1 1 2 0 1 52782 8079153
0 1 1 0 0 1 44959 8131935
0 1 0 1 0 1 36942 8176894
0 1 1 2 0 1 28739 8213836
0 1 1 2 1 1 20405 8242575
0 1 1 3 0 1 12156 8262980
0 1 1 2 0 1 4045 8275136
0 1 1 1 0 1 -3918 8279181
0 1 0 1 0 1 -11669 8275263
0 1 0 3 0 1 -19164 8263594
0 1 1 3 0 1 -26405 8244430
0 1 0 2 0 1 -33346 8218025
0 1 1 1 0 1 -39959 8184679
0 1 0 1 0 1 -46215 8144720
0 1 1 3 0 1 -52084 8098505
0 1 0 0 0 1 -57549 8046421
0 0 1 2 0 0 0 0
0 1 1 3 0 1 -62563 7988872
0 1 0 2 0 1 -67133 7926309
0 1 0 3 0 1 -71215 7859176
0 1 1 1 0 1 -74821 7787961
0 0 1 0 0 0 0 0
0 1 1 3 0 1 -77911 7713140
0 1 1 1 0 1 -80485 7635229
0 1 1 1 0 1 -82543 7554744
0 0 1 1 0 0 0 0
0 1 1 3 0 1 -84033 7472201
0 1 1 0 0 1 -84999 7388168
0 1 1 3 0 1 -85404 7303169
0 1 0 0 0 1 -85245 7217765
0 1 1 1 0 1 -84549 7132520
0 1 1 0 0 1 -83286 7047971
0 1 1 0 0 1 -81495 6964685
0 1 1 2 0 1 -79164 6883190
0 0 1 0 0 0 0 0
0 1 0 1 0 1 -76319 6804026
0 1 0 0 0 1 -72938 6727707
0 1 1 2 0 1 -69065 6654769
0 0 0 3 0 0 0 0
0 0 1 0 0 0 0 0
0 1 1 3 0 1 -64724 6585704
0 0 1 0 0 0 0 0
0 1 1 3 0 1 -59905 6520980
0 1 1 0 1 1 -54743 6461075
0 1 0 1 0 1 -49694 6406332
0 1 1 2 0 1 -44883 6356638
0 1 1 0 0 1 -40310 6311755
0 1 0 3 0 1 -36009 6271445
0 1 1 1 0 1 -32014 6235436
0 1 1 0 0 1 -28320 6203422
0 1 1 1 0 1 -24942 6175102
0 1 1 1 0 1 -21899 6150160
0 1 0 3 0 1 -19213 6128261
0 1 1 1 0 1 -16884 6109048
0 0 1 2 0 0 0 0
0 1 1 2 0 1 -14929 6092164
0 1 1 3 0 1 -13365 6077235
0 1 0 0 0 1 -12175 6063870
0 0 0 0 0 0 0 0
0 1 1 0 0 1 -11393 6051695
0 1 1 0 0 1 -10990 6040302
0 1 1 2 0 1 -10990 6029312
0 1 1 0 0 1 -11393 6018322
0 1 0 2 0 1 -12175 6006929
0 1 1 2 0 1 -13365 5994754
0 1 1 2 0 1 -14929 5981389
0 1 1 0 0 1 -16884 5966460
0 1 1 2 0 1 -19213 5949576
0 1 1 3 0 1 -21899 5930363
0 1 1 3 0 1 -24942 5908464
0 1 0 2 0 1 -28320 5883522
0 1 0 1 0 1 -32014 5855202
0 1 1 3 0 1 -36009 5823188
0 1 1 0 0 1 -40310 5787179
0 1 1 3 0 1 -44883 5746869
0 0 0 3 0 0 0 0
0 1 1 2 0 1 -49694 5701986
0 1 1 1 0 1 -54743 5652292
0 0 1 0 1 0 0 0
0 1 0 1 1 0 0 0
0 1 1 1 1 1 -59985 5597549
0 1 1 2 0 1 -65264 5537564
0 0 0 3 0 0 0 0
0 1 0 3 0 1 -70545 5472300
0 1 1 0 0 1 -75818 5401755
0 1 1 2 0 1 -81039 5325937
0 1 0 3 0 1 -86184 5244898
0 1 1 3 0 1 -91255 5158714
0 1 1 2 0 1 -96206 5067459
0 1 1 1 0 1 -101029 4971253
0 1 1 1 0 1 -105705 4870224
0 1 1 0 0 1 -110204 4764519
0 1 1 1 0 1 -114519 4654315
0 1 0 0 0 1 -118613 4539796
0 1 1 0 0 1 -122483 4421183
0 1 1 2 0 1 -126105 4298700
0 1 1 3 0 1 -129471 4172595
0 1 1 2 0 1 -132561 4043124
0 1 1 3 0 1 -135375 3910563
0 1 0 1 0 1 -137893 3775188
0 1 1 1 0 1 -140083 3637295
0 1 0 3 0 1 -141969 3497212
0 1 1 1 0 1 -143524 3355243
0 1 1 2 0 1 -144735 3211719
0 1 1 1 0 1 -145619 3066984
0 1 0 1 0 1 -146146 2921365
0 1 1 2 0 1 -146345 2775219
0 1 1 3 0 1 -146184 2628874
0 1 1 0 0 1 -145689 2482690
0 1 0 3 0 1 -144838 2337001
0 1 1 2 0 1 -143655 2192163
0 0 0 1 0 0 0 0
0 1 0 0 0 1 -142144 2048508
0 1 0 0 0 1 -140295 1906364
0 1 1 3 1 1 -138097 1766069
0 1 0 3 0 1 -135466 1627972
0 1 1 0 0 1 -132357 1492506
0 1 1 0 0 1 -128794 1360149
0 1 1 2 0 1 -124815 1231355
0 0 0 0 0 0 0 0
0 1 1 1 0 1 -120410 1106540
0 1 1 3 0 1 -115608 986130
0 1 0 2 0 1 -110418 870522
0 1 1 0 0 1 -104893 760104
0 1 1 3 0 1 -99011 655211
0 1 1 0 0 1 -92844 556200
0 1 1 0 0 1 -86375 463356
0 1 0 0 0 1 -79659 376981
0 1 0 1 0 1 -72737 297322
0 1 1 1 0 1 -65599 224585
0 1 1 3 0 1 -58298 158986
0 1 1 0 0 1 -50882 100688
0 1 1 1 0 1 -43351 49806
0 1 1 2 0 1 -35753 6455
0 1 1 0 0 1 -28131 16747918
0 1 1 3 0 1 -20495 16719787
0 1 1 1 0 1 -12876 16699292
0 1 1 1 0 1 -5339 16686416
0 1 0 2 0 1 2123 16681077
0 1 1 1 0 1 9438 16683200
0 1 1 0 0 1 16608 16692638
0 1 1 0 0 1 23590 16709246
0 1 1 2 0 1 30345 16732836
0 1 1 0 0 1 36854 16763181
0 1 1 1 0 1 43107 22819
0 1 1 3 0 1 49046 65926
0 0 1 1 0 0 0 0
0 1 0 3 0 1 54647 114972
0 1 1 1 1 1 59945 169619
0 1 1 3 0 1 64994 229564
0 1 1 1 0 1 69805 294558
0 1 0 1 0 1 74378 364363
0 1 0 0 0 1 78679 438741
0 1 1 2 0 1 82674 517420
0 1 0 1 0 1 86375 600094
0 1 0 2 0 1 89746 686469
0 1 1 1 0 1 92789 776215
0 1 1 3 0 1 95475 869004
0 1 1 1 0 1 97804 964479
0 1 1 0 0 1 99759 1062283
0 1 1 0 0 1 101323 1162042
0 0 0 2 0 0 0 0
0 1 1 3 0 1 102513 1263365
0 1 1 0 0 1 103295 1365878
0 1 0 2 0 1 103691 1469173
0 0 1 3 0 0 0 0
0 1 0 3 0 1 103691 1572864
0 1 1 2 0 1 103295 1676555
0 1 0 3 0 1 102513 1779850
0 1 0 3 0 1 101323 1882363
0 1 1 3 0 1 99759 1983686
0 1 1 2 0 1 97804 2083445
0 1 0 1 0 1 95475 2181249
0 1 1 1 0 1 92789 2276724
0 1 0 3 0 1 89746 2369513
0 1 1 1 0 1 86375 2459259
0 1 0 0 0 1 82674 2545634
0 1 1 2 0 1 78679 2628308
0 0 1 0 0 0 0 0
0 1 1 3 0 1 74378 2706987
0 1 0 0 0 1 69805 2781365
0 1 1 2 0 1 64994 2851170
0 0 1 3 0 0 0 0
0 1 1 2 0 1 59945 2916164
0 1 0 3 1 0 0 0
0 0 0 0 1 0 0 0
0 1 0 3 1 0 0 0
0 1 1 2 1 1 54711 2976109
0 1 1 3 0 1 49478 3030820
0 1 1 1 0 1 44291 3080298
0 1 0 2 0 1 39158 3124589
0 1 0 1 0 1 34121 3163747
0 1 1 2 0 1 29206 3197868
0 1 0 3 0 1 24416 3227074
0 1 1 1 0 1 19774 3251490
0 1 0 1 0 1 15307 3271264
0 1 1 2 0 1 11029 3286571
0 1 1 2 0 1 6964 3297600
0 1 0 3 0 1 3121 3304564
0 1 1 0 0 1 -467 3307685
0 1 1 1 0 1 -3801 3307218
0 1 0 2 0 1 -6855 3303417
0 1 0 3 0 1 -9634 3296562
0 1 1 0 0 1 -12106 3286928
0 0 0 3 0 0 0 0
0 1 0 3 0 1 -14271 3274822
0 1 1 0 0 1 -16129 3260551
0 0 1 2 0 0 0 0
0 1 1 1 0 1 -17643 3244422
0 1 1 0 0 1 -18839 3226779
0 1 1 2 0 1 -19692 3207940
0 1 0 3 0 1 -20195 3188248
0 1 1 3 0 1 -20365 3168053
0 1 0 2 0 1 -20178 3147688
0 1 1 0 0 1 -19656 3127510
0 1 1 0 0 1 -18794 3107854
0 1 0 0 0 1 -17599 3089060
0 1 1 3 0 1 -16058 3071461
0 1 1 1 0 1 -14197 3055403
0 1 1 3 0 1 -12026 3041206
0 0 1 2 0 0 0 0
0 1 1 1 0 1 -9537 3029180
0 0 1 2 1 0 0 0
0 1 1 1 1 1 -6815 3019643
0 1 1 2 0 1 -4142 3012828
0 1 0 2 0 1 -1595 3008686
0 1 1 1 0 1 826 3007091
0 1 1 0 0 1 3103 3007917
0 1 1 3 0 1 5218 3011020
0 1 1 2 0 1 7175 3016238
0 1 0 2 0 1 8962 3023413
0 1 1 2 0 1 10573 3032375
0 1 1 0 0 1 11995 3042948
0 1 1 3 0 1 13228 3054943
0 1 1 1 0 1 14263 3068171
0 1 1 3 0 1 15091 3082434
0 1 0 2 0 1 15721 3097525
0 1 1 0 0 1 16135 3113246
0 1 1 3 0 1 16347 3129381
0 0 1 3 0 0 0 0
0 1 1 2 0 1 16347 3145728
0 1 1 3 0 1 16135 3162075
0 1 1 0 0 1 15721 3178210
0 1 1 0 0 1 15091 3193931
0 1 1 0 0 1 14263 3209022
0 0 1 3 0 0 0 0
0 1 1 1 0 1 13228 3223285
0 1 1 0 0 1 11995 3236513
0 1 1 3 0 1 10573 3248508
0 1 0 3 0 1 8962 3259081
0 1 1 0 0 1 7175 3268043
0 1 0 1 0 1 5218 3275218
0 1 0 3 0 1 3103 3280436
0 1 1 3 0 1 826 3283539
0 1 0 2 0 1 -1595 3284365
0 1 1 0 0 1 -4142 3282770
0 0 1 0 0 0 0 0
0 1 1 1 0 1 -6815 3278628
0 1 0 0 1 0 0 0
0 1 0 1 1 0 0 0
0 1 0 0 1 0 0 0
0 1 1 0 1 1 -9633 3271813
0 0 1 1 0 0 0 0
0 1 0 0 0 1 -12674 3262180
0 1 1 1 0 1 -15973 3249506
0 1 1 3 0 1 -19514 3233533
0 1 1 0 0 1 -23263 3214019
0 1 1 3 0 1 -27218 3190756
0 1 0 2 0 1 -31368 3163538
0 1 1 2 0 1 -35682 3132170
0 1 1 3 0 1 -40141 3096488
0 1 0 0 0 1 -44747 3056347
0 1 1 2 0 1 -49452 3011600
0 0 1 1 0 0 0 0
0 1 1 0 0 1 -54263 2962148
0 1 1 0 0 1 -59139 2907885
0 0 1 0 0 0 0 0
0 1 1 2 0 1 -64057 2848746
0 1 0 3 0 1 -69015 2784689
0 1 0 1 0 1 -73978 2715674
0 1 0 1 0 1 -78922 2641696
0 1 1 0 0 1 -83847 2562774
0 1 0 3 0 1 -88713 2478927
0 1 1 2 0 1 -93491 2390214
0 1 1 0 0 1 -98183 2296723
0 0 0 1 0 0 0 0
0 1 0 0 0 1 -102764 2198540
0 1 0 1 0 1 -107195 2095776
0 1 1 1 0 1 -111485 1988581
0 1 0 0 0 1 -115586 1877096
0 1 0 3 0 1 -119512 1761510
0 1 1 3 0 1 -123218 1641998
0 1 0 2 0 1 -126703 1518780
0 1 0 0 0 1 -129946 1392077
0 0 1 2 0 0 0 0
0 1 1 0 0 1 -132949 1262131
0 0 1 0 0 0 0 0
0 1 0 2 0 1 -135682 1129182
0 1 1 1 0 1 -138129 993500
0 1 1 2 1 1 -140295 855371
0 0 1 1 0 0 0 0
0 0 1 0 0 0 0 0
0 0 1 0 0 0 0 0
0 1 1 2 0 1 -142144 715076
0 1 1 1 0 1 -143655 572932
0 1 1 2 0 1 -144838 429277
0 1 0 3 0 1 -145689 284439
0 1 1 0 0 1 -146184 138750
0 1 0 2 0 1 -146345 16769782
0 0 1 3 0 0 0 0
0 1 1 3 0 1 -146146 16623437
0 1 1 3 0 1 -145619 16477291
0 1 0 0 0 1 -144735 16331672
0 1 0 1 0 1 -143524 16186937
0 1 1 1 0 1 -141969 16043413
0 1 1 2 0 1 -140083 15901444
0 1 0 1 0 1 -137893 15761361
0 0 1 3 0 0 0 0
0 1 0 0 0 1 -135375 15623468
0 0 0 2 0 0 0 0
0 0 1 2 0 0 0 0
0 1 0 1 0 1 -132561 15488093
0 1 1 2 0 1 -129471 15355532
0 1 0 2 0 1 -126105 15226061
0 1 1 3 0 1 -122483 15099956
0 1 0 2 0 1 -118613 14977473
0 1 0 1 0 1 -114519 14858860
0 1 1 2 0 1 -110204 14744341
0 0 1 3 0 0 0 0
0 1 1 1 0 1 -105705 14634137
0 0 1 0 0 0 0 0
0 1 1 1 0 1 -101029 14528432
0 1 1 0 0 1 -96206 14427403
0 1 0 3 0 1 -91255 14331197
0 1 0 3 0 1 -86184 14239942
0 1 1 2 0 1 -81039 14153758
0 0 1 3 0 0 0 0
0 1 1 0 0 1 -75818 14072719
0 1 1 1 0 1 -70545 13996901
0 0 1 3 0 0 0 0
0 1 1 3 0 1 -65264 13926356
0 0 1 0 0 0 0 0
0 1 1 2 0 1 -59985 13861092
0 1 1 2 1 1 -54679 13801107
0 1 0 1 0 1 -49262 13746428
0 1 0 0 0 1 -43699 13697166
0 1 0 1 0 1 -38006 13653467
0 0 1 3 0 0 0 0
0 0 1 1 0 0 0 0
0 1 1 2 0 1 -32233 13615461
0 1 0 0 0 1 -26398 13583228
0 1 1 1 0 1 -20512 13556830
0 1 1 2 0 1 -14606 13536318
0 1 1 0 0 1 -8715 13521712
0 1 1 0 0 1 -2845 13512997
0 1 1 0 0 1 2956 13510152
0 1 0 2 0 1 8687 13513108
0 0 1 2 0 0 0 0
0 0 1 0 0 0 0 0
0 1 1 3 0 1 14299 13521795
0 1 1 3 0 1 19777 13536094
0 1 1 3 0 1 25103 13555871
0 1 0 2 0 1 30258 13580974
0 1 1 3 0 1 35202 13611232
0 1 0 0 0 1 39935 13646434
0 1 0 1 0 1 44433 13686369
0 1 1 3 0 1 48651 13730802
0 1 0 3 0 1 52607 13779453
0 1 1 0 0 1 56268 13832060
0 1 1 3 0 1 59603 13888328
0 1 1 2 0 1 62629 13947931
0 1 0 0 0 1 65298 14010560
0 1 1 0 0 1 67632 14075858
0 1 1 0 0 1 69602 14143490
0 1 0 0 0 1 71207 14213092
0 1 0 2 0 1 72426 14284299
0 0 1 2 0 0 0 0
0 1 1 3 0 1 73277 14356725
0 1 1 1 0 1 73746 14430002
0 1 1 3 0 1 73817 14503748
0 1 1 2 1 1 73575 14577565
0 1 0 3 0 1 73278 14651140
0 1 1 0 0 1 72995 14724418
0 1 1 0 0 1 72726 14797413
0 1 1 3 0 1 72473 14870139
0 1 1 2 0 1 72238 14942612
0 1 1 1 0 1 72025 15014850
0 1 1 0 0 1 71822 15086875
0 1 1 2 0 1 71643 15158697
0 1 1 2 0 1 71485 15230340
0 1 0 3 0 1 71348 15301825
0 0 0 0 0 0 0 0
0 1 0 1 0 1 71233 15373173
0 1 1 0 0 1 71141 15444406
0 1 1 3 0 1 71071 15515547
0 1 0 1 0 1 71025 15586618
0 1 0 1 0 1 70997 15657643
0 1 1 2 0 1 70997 15728640
0 1 1 3 0 1 71025 15799637
0 1 0 1 0 1 71071 15870662
0 0 1 3 0 0 0 0
0 0 1 0 0 0 0 0
0 1 0 2 0 1 71141 15941733
0 0 1 1 0 0 0 0
0 1 0 2 0 1 71233 16012874
0 1 0 1 0 1 71348 16084107
0 1 1 1 0 1 71485 16155455
0 1 1 1 0 1 71643 16226940
0 1 1 0 0 1 71822 16298583
0 0 1 0 0 0 0 0
0 1 0 3 0 1 72025 16370405
0 1 1 2 0 1 72238 16442430
0 1 1 1 0 1 72473 16514668
0 1 0 2 0 1 72726 16587141
0 1 1 3 0 1 72995 16659867
0 1 0 0 0 1 73278 16732862
0 0 1 2 0 0 0 0
0 1 1 0 0 1 73575 28924
0 1 1 0 1 1 73817 102499
0 1 0 2 0 1 73746 176316
0 0 1 0 0 0 0 0
0 0 0 2 0 0 0 0
0 1 1 1 0 1 73277 250062
0 1 1 0 0 1 72426 323339
0 1 1 0 0 1 71207 395765
0 1 1 2 0 1 69602 466972
0 1 1 0 0 1 67632 536574
0 1 1 0 0 1 65298 604206
0 1 1 1 0 1 62629 669504
0 1 1 0 0 1 59603 732133
0 1 0 0 0 1 56268 791736
0 0 1 0 0 0 0 0
0 1 1 3 0 1 52607 848004
0 0 0 0 0 0 0 0
0 1 0 3 0 1 48651 900611
0 0 1 3 0 0 0 0
0 1 0 0 0 1 44433 949262
0 1 1 3 0 1 39935 993695
0 1 1 2 0 1 35202 1033630
0 1 1 1 0 1 30258 1068832
0 1 0 3 0 1 25103 1099090
0 1 1 1 0 1 19777 1124193
0 0 0 3 0 0 0 0
0 1 1 3 0 1 14299 1143970
0 1 1 1 0 1 8687 1158269
0 1 1 1 0 1 2956 1166956
0 1 1 2 0 1 -2845 1169912
0 1 1 1 0 1 -8715 1167067
0 1 1 0 0 1 -14606 1158352
0 1 1 1 0 1 -20512 1143746
0 1 1 2 0 1 -26398 1123234
0 1 1 3 0 1 -32233 1096836
0 1 1 2 0 1 -38006 1064603
0 1 0 2 0 1 -43699 1026597
0 1 1 0 0 1 -49262 982898
0 1 0 2 0 1 -54679 933636
0 1 0 0 1 0 0 0
0 1 1 1 1 1 -59985 878957
0 1 1 3 0 1 -65264 818972
0 1 1 3 0 1 -70545 753708
0 1 1 3 0 1 -75818 683163
0 0 0 3 0 0 0 0
0 0 0 3 0 0 0 0
0 1 1 0 0 1 -81039 607345
0 1 1 2 0 1 -86184 526306
0 1 1 1 0 1 -91255 440122
0 0 0 1 0 0 0 0
0 1 1 3 0 1 -96206 348867
0 1 0 2 0 1 -101029 252661
0 1 1 1 0 1 -105705 151632
0 1 1 2 0 1 -110204 45927
0 1 0 2 0 1 -114519 16712939
0 1 0 3 0 1 -118613 16598420
0 1 1 3 0 1 -122483 16479807
0 1 1 1 0 1 -126105 16357324
0 1 1 2 0 1 -129471 16231219
0 1 0 0 0 1 -132561 16101748
0 1 1 3 0 1 -135375 15969187
0 1 0 0 0 1 -137893 15833812
0 1 1 0 0 1 -140083 15695919
0 1 1 3 0 1 -141969 15555836
0 0 0 2 0 0 0 0
0 1 1 3 0 1 -143524 15413867
0 1 0 2 0 1 -144735 15270343
0 1 0 0 0 1 -145619 15125608
0 1 0 2 0 1 -146146 14979989
0 1 0 1 0 1 -146345 14833843
0 1 0 2 0 1 -146184 14687498
0 1 1 1 0 1 -145689 14541314
0 1 1 1 0 1 -144838 14395625
0 0 1 0 0 0 0 0
0 0 1 0 0 0 0 0
0 1 1 1 0 1 -143655 14250787
0 0 1 2 0 0 0 0
0 1 0 3 0 1 -142144 14107132
0 1 0 1 0 1 -140295 13964988
0 0 1 3 1 0 0 0
0 1 1 0 1 1 -138193 13824693
0 1 0 3 0 1 -136114 13686500
0 1 1 1 0 1 -134133 13550386
1 1 1 3 0 0 0 0
0 0 1 1 1 0 0 0
0 1 0 1 1 0 0 0
0 1 0 0 1 0 0 0
0 0 0 0 1 0 0 0
0 1 1 3 1 1 48 0
0 1 1 1 0 1 324 48
0 1 1 3 0 1 888 372
0 1 1 0 0 1 1728 1260
0 1 1 0 0 1 2832 2988
0 0 1 1 0 0 0 0
0 1 1 2 0 1 4212 5820
0 1 0 2 0 1 5856 10032
0 0 1 2 0 0 0 0
0 1 1 3 0 1 7752 15888
0 0 1 1 0 0 0 0
0 1 1 3 0 1 9888 23640
0 1 1 2 0 1 12276 33528
0 0 0 3 0 0 0 0
0 1 1 2 0 1 14880 45804
0 0 1 1 0 0 0 0
0 0 0 1 0 0 0 0
0 1 0 0 0 1 17712 60684
0 0 1 2 0 0 0 0
0 0 1 1 0 0 0 0
0 1 1 0 0 1 20748 78396
0 1 1 2 0 1 23964 99144
0 1 0 3 0 1 27372 123108
0 1 1 1 0 1 30936 150480
0 0 1 0 0 0 0 0
0 1 1 3 0 1 34644 181416
0 1 1 0 0 1 38496 216060
0 1 1 3 0 1 42456 254556
0 0 0 0 0 0 0 0
0 1 0 2 0 1 46512 297012
0 1 0 0 0 1 50652 343524
0 0 1 1 0 0 0 0
0 1 1 0 0 1 54864 394176
0 1 1 3 0 1 59112 449040
0 1 1 1 0 1 63396 508152
0 1 1 1 0 1 67680 571548
0 1 1 3 0 1 71964 639228
0 1 1 2 0 1 76212 711192
0 1 1 0 0 1 80412 787404
0 1 1 3 0 1 84552 867816
0 1 1 3 0 1 88620 952368
0 1 1 0 0 1 92580 1040988
0 0 1 0 0 0 0 0
0 1 0 2 0 1 96420 1133568
0 1 0 2 1 0 0 0
0 0 1 1 1 0 0 0
0 1 0 3 1 0 0 0
0 1 1 3 1 1 100200 1229988
0 1 0 2 0 1 104109 1330188
0 0 1 3 0 0 0 0
0 1 1 0 0 1 108210 1434297
0 1 1 3 0 1 112488 1542507
0 1 1 2 0 1 116904 1654995
0 1 1 2 0 1 121449 1771899
0 1 0 3 0 1 126120 1893348
0 1 1 2 0 1 130866 2019468
0 0 1 0 0 0 0 0
0 1 1 2 0 1 135684 2150334
0 1 1 1 0 1 140565 2286018
0 1 0 1 0 1 145464 2426583
0 1 0 3 0 1 150384 2572047
0 1 1 0 0 1 155283 2722431
0 1 1 3 0 1 160143 2877714
0 1 0 3 0 1 164955 3037857
0 1 1 0 0 1 169686 3202812
0 1 0 0 0 1 174321 3372498
0 1 1 3 0 1 178860 3546819
0 1 1 2 0 1 183258 3725679
0 1 0 3 0 1 187488 3908937
0 1 0 2 0 1 191559 4096425
0 0 1 3 0 0 0 0
0 1 1 3 0 1 195444 4287984
0 1 1 0 0 1 199110 4483428
0 1 1 3 0 1 202569 4682538
0 1 1 1 0 1 205776 4885107
0 0 1 0 0 0 0 0
0 1 1 3 0 1 208755 5090883
0 1 0 0 0 1 211449 5299638
0 1 1 2 0 1 213879 5511087
0 0 0 2 0 0 0 0
0 1 1 3 0 1 216018 5724966
0 0 1 0 0 0 0 0
0 1 1 0 0 1 217875 5940984
0 1 1 3 0 1 219429 6158859
0 0 1 3 0 0 0 0
0 1 1 3 0 1 220665 6378288
0 1 1 1 1 1 221579 6598953
0 1 1 1 0 1 222102 6820532
0 1 1 0 0 1 222199 7042634
0 0 1 1 0 0 0 0
0 0 1 2 0 0 0 0
0 1 1 0 0 1 221886 7264833
0 1 1 0 0 1 221173 7486719
0 1 1 2 0 1 220038 7707892
0 1 1 0 0 1 218512 7927930
0 0 1 0 0 0 0 0
0 0 0 3 0 0 0 0
0 1 1 0 0 1 216566 8146442
0 1 1 0 0 1 214255 8363008
0 1 1 2 0 1 211545 8577263
0 1 0 0 0 1 208484 8788808
0 1 1 3 0 1 205053 8997292
0 1 1 3 0 1 201281 9202345
0 1 1 1 0 1 197203 9403626
0 1 1 1 0 1 192797 9600829
0 1 1 0 0 1 188102 9793626
0 1 1 1 0 1 183158 9981728
0 1 1 1 0 1 177965 10164886
0 1 0 1 0 1 172547 10342851
0 1 0 0 0 1 166929 10515398
0 1 1 1 0 1 161133 10682327
0 1 0 0 0 1 155172 10843460
0 1 1 0 0 1 149097 10998632
0 1 1 0 0 1 142911 11147729
0 1 1 3 0 1 136662 11290640
0 1 1 3 0 1 130368 11427302
0 1 1 3 0 1 124038 11557670
0 1 1 2 0 1 117733 11681708
0 1 1 1 0 1 111454 11799441
0 1 1 3 0 1 105223 11910895
0 1 1 2 0 1 99094 12016118
0 1 1 2 0 1 93083 12115212
0 1 1 0 1 1 87085 12208295
0 1 1 3 0 1 80752 12295380
0 1 1 0 0 1 73965 12376132
0 0 1 2 0 0 0 0
0 1 1 3 0 1 66754 12450097
0 1 1 2 0 1 59187 12516851
0 1 0 1 0 1 51272 12576038
0 1 1 2 0 1 43035 12627310
0 1 1 3 0 1 34518 12670345
0 1 1 1 0 1 25777 12704863
0 1 1 2 0 1 16805 12730640
0 1 1 1 0 1 7692 12747445
0 0 1 1 0 0 0 0
0 1 1 3 0 1 -1573 12755137
0 1 0 0 0 1 -10911 12753564
0 1 1 0 0 1 -20281 12742653
0 0 0 2 0 0 0 0
0 1 1 3 0 1 -29675 12722372
0 1 0 0 0 1 -39037 12692697
0 1 1 0 0 1 -48307 12653660
0 1 1 3 0 1 -57485 12605353
0 1 1 2 0 1 -66511 12547868
0 1 1 2 0 1 -75321 12481357
0 0 0 3 0 0 0 0
0 1 0 3 0 1 -83923 12406036
0 1 1 3 0 1 -92268 12322113
0 1 1 3 0 1 -100285 12229845
0 1 1 0 0 1 -107993 12129560
0 1 1 2 0 1 -115302 12021567
0 1 0 3 0 1 -122235 11906265
0 1 0 1 0 1 -128728 11784030
0 1 1 3 0 1 -134763 11655302
0 0 1 2 0 0 0 0
0 0 0 0 0 0 0 0
0 0 1 1 0 0 0 0
0 1 0 2 0 1 -140306 11520539
0 1 1 0 0 1 -145365 11380233
0 1 1 1 0 1 -149888 11234868
0 1 0 1 0 1 -153845 11084980
0 1 0 3 1 0 0 0
0 1 0 3 1 0 0 0
0 1 1 3 1 1 -157267 10931135
0 1 0 1 0 1 -160166 10773868
0 0 0 0 0 0 0 0
0 1 1 1 0 1 -162527 10613702
0 0 1 1 0 0 0 0
0 1 0 1 0 1 -164366 10451175
0 1 1 3 0 1 -165677 10286809
0 1 1 3 0 1 -166422 10121132
0 0 0 3 0 0 0 0
0 1 1 0 0 1 -166632 9954710
0 0 1 0 0 0 0 0
0 1 0 1 0 1 -166278 9788078
0 1 0 3 0 1 -165399 9621800
0 1 0 0 0 1 -163953 9456401
0 1 0 0 0 1 -161988 9292448
0 1 1 0 0 1 -159477 9130460
0 1 1 3 0 1 -156441 8970983
0 1 1 2 0 1 -152923 8814542
0 1 1 0 0 1 -148885 8661619
0 1 1 2 0 1 -144382 8512734
0 1 1 1 0 1 -139438 8368352
0 1 0 0 0 1 -134053 8228914
0 1 1 1 0 1 -128267 8094861
0 1 1 3 0 1 -122089 7966594
0 1 0 1 0 1 -115557 7844505
0 1 1 1 0 1 -108676 7728948
0 1 1 3 0 1 -101505 7620272
0 1 0 2 0 1 -94055 7518767
0 1 1 2 0 1 -86374 7424712
0 1 1 1 0 1 -78488 7338338
0 1 0 3 0 1 -70422 7259850
0 1 1 3 0 1 -62237 7189428
0 1 0 3 0 1 -53934 7127191
0 1 1 1 0 1 -45551 7073257
0 0 1 3 0 0 0 0
0 1 1 3 0 1 -37158 7027706
0 1 1 2 0 1 -28771 6990548
0 1 1 0 1 1 -20445 6961777
0 1 1 1 0 1 -12426 6941332
0 1 1 0 0 1 -4785 6928906
0 0 0 3 0 0 0 0
0 1 1 2 0 1 2478 6924121
0 1 1 3 0 1 9309 6926599
0 1 1 2 0 1 15654 6935908
0 1 1 3 0 1 21525 6951562
0 1 0 2 0 1 26886 6973087
0 1 1 0 0 1 31719 6999973
0 1 0 3 0 1 35985 7031692
0 1 1 2 0 1 39684 7067677
0 0 1 2 0 0 0 0
0 1 1 0 0 1 42789 7107361
0 1 1 2 0 1 45273 7150150
0 1 1 0 0 1 47163 7195423
0 1 1 0 0 1 48405 7242586
0 1 0 1 0 1 49041 7290991
0 1 1 0 0 1 49041 7340032
0 0 1 3 0 0 0 0
0 1 1 3 0 1 48405 7389073
0 1 1 2 0 1 47163 7437478
0 1 1 3 0 1 45273 7484641
0 0 1 2 0 0 0 0
0 1 0 1 0 1 42789 7529914
0 1 0 1 0 1 39684 7572703
0 1 1 1 0 1 35985 7612387
0 1 1 1 0 1 31719 7648372
0 1 1 3 0 1 26886 7680091
0 1 1 3 0 1 21525 7706977
0 1 1 0 0 1 15654 7728502
0 1 1 0 0 1 9309 7744156
0 1 0 0 0 1 2478 7753465
0 1 0 0 0 1 -4785 7755943
0 1 1 3 0 1 -12426 7751158
0 1 1 1 0 1 -20445 7738732
0 1 1 1 1 1 -28771 7718287
0 1 1 2 0 1 -37158 7689516
0 1 0 1 0 1 -45551 7652358
0 0 0 0 0 0 0 0
0 0 0 1 0 0 0 0
0 1 1 3 0 1 -53934 7606807
0 0 0 3 0 0 0 0
0 1 1 2 0 1 -62237 7552873
0 1 1 0 0 1 -70422 7490636
0 1 1 2 0 1 -78488 7420214
0 1 0 2 0 1 -86374 7341726
0 1 0 1 0 1 -94055 7255352
0 1 0 1 0 1 -101505 7161297
0 1 1 1 0 1 -108676 7059792
0 1 0 0 0 1 -115557 6951116
0 1 1 3 0 1 -122089 6835559
0 1 1 2 0 1 -128267 6713470
0 1 0 0 0 1 -134053 6585203
0 1 1 2 0 1 -139438 6451150
0 1 0 0 0 1 -144382 6311712
0 0 1 2 0 0 0 0
0 1 1 2 0 1 -148885 6167330
0 1 0 0 0 1 -152923 6018445
0 0 0 2 0 0 0 0
0 1 1 1 0 1 -156441 5865522
0 0 1 0 0 0 0 0
0 1 1 1 0 1 -159477 5709081
0 1 1 2 0 1 -161988 5549604
0 1 1 0 0 1 -163953 5387616
0 1 1 2 0 1 -165399 5223663
0 1 1 1 0 1 -166278 5058264
0 1 0 3 0 1 -166632 4891986
0 1 1 0 0 1 -166422 4725354
0 1 1 2 0 1 -165677 4558932
0 1 1 3 0 1 -164366 4393255
0 1 0 1 0 1 -162527 4228889
0 1 0 2 0 1 -160166 4066362
0 1 0 0 0 1 -157267 3906196
0 1 0 3 1 0 0 0
0 1 1 1 1 1 -153925 3748929
0 1 1 3 0 1 -150428 3595004
0 1 1 2 0 1 -146845 3444576
0 1 1 2 0 1 -143186 3297731
0 1 1 3 0 1 -139483 3154545
0 1 1 1 0 1 -135748 3015062
0 1 1 2 0 1 -131995 2879314
0 0 1 2 0 0 0 0
0 1 1 3 0 1 -128222 2747319
0 1 1 2 0 1 -124473 2619097
0 1 0 3 0 1 -120745 2494624
0 1 0 2 0 1 -117068 2373879
0 1 1 1 0 1 -113443 2256811
0 1 1 2 0 1 -109901 2143368
0 1 1 1 0 1 -106451 2033467
0 1 1 3 0 1 -103105 1927016
0 1 1 3 0 1 -99867 1823911
0 1 1 2 0 1 -96777 1724044
0 0 1 1 0 0 0 0
0 1 1 1 0 1 -93835 1627267
0 0 0 0 0 0 0 0
0 1 1 3 0 1 -91041 1533432
0 1 1 1 0 1 -88431 1442391
0 0 1 2 0 0 0 0
0 1 1 1 0 1 -85993 1353960
0 1 1 2 0 1 -83748 1267967
0 1 1 0 0 1 -81715 1184219
0 1 1 3 0 1 -79883 1102504
0 1 0 3 0 1 -78282 1022621
0 0 1 1 0 0 0 0
0 1 1 1 0 1 -76905 944339
0 1 1 3 0 1 -75748 867434
0 1 1 0 0 1 -74833 791686
0 0 1 0 0 0 0 0
0 1 1 3 0 1 -74166 716853
0 1 1 1 0 1 -73735 642687
0 1 1 2 0 1 -73548 568952
0 1 0 2 0 1 -73615 495404
0 1 1 2 1 1 -73849 421789
0 1 1 2 0 1 -73962 347940
0 0 1 3 0 0 0 0
0 0 0 2 0 0 0 0
0 1 1 0 0 1 -73869 273978
0 1 1 2 0 1 -73578 200109
0 1 0 3 0 1 -73095 126531
0 1 1 1 0 1 -72410 53436
0 0 1 0 0 0 0 0
0 1 1 3 0 1 -71536 16758242
0 1 1 1 0 1 -70466 16686706
0 0 1 2 0 0 0 0
0 1 0 1 0 1 -69221 16616240
0 1 1 3 0 1 -67787 16547019
0 1 0 1 0 1 -66188 16479232
0 1 1 0 0 1 -64415 16413044
0 0 1 0 0 0 0 0
0 1 1 2 0 1 -62483 16348629
0 1 1 2 0 1 -60409 16286146
0 1 0 2 0 1 -58183 16225737
0 1 0 2 0 1 -55826 16167554
0 0 1 3 0 0 0 0
0 1 1 0 0 1 -53354 16111728
0 0 0 1 0 0 0 0
0 1 1 0 0 1 -50767 16058374
0 1 1 2 0 1 -48081 16007607
0 1 1 3 0 1 -45307 15959526
0 0 1 2 0 0 0 0
0 1 1 1 0 1 -42455 15914219
0 1 0 1 0 1 -39532 15871764
0 0 1 3 0 0 0 0
0 1 0 3 0 1 -36563 15832232
0 1 0 1 0 1 -33549 15795669
0 1 1 1 0 1 -30514 15762120
0 1 1 3 0 1 -27464 15731606
0 1 0 2 0 1 -24410 15704142
0 1 1 2 0 1 -21375 15679732
0 1 1 1 0 1 -18362 15658357
0 0 1 0 0 0 0 0
0 1 1 3 0 1 -15381 15639995
0 1 1 1 0 1 -12458 15624614
0 1 1 1 0 1 -9601 15612156
0 0 0 2 1 0 0 0
0 1 1 3 1 1 -6735 15602555
0 0 1 1 0 0 0 0
0 0 1 2 0 0 0 0
0 0 1 2 0 0 0 0
0 1 1 3 0 1 -3602 15595820
0 1 1 2 0 1 -115 15592218
0 1 1 2 0 1 3706 15592103
0 1 0 2 0 1 7823 15595809
0 1 1 1 0 1 12238 15603632
0 0 1 2 0 0 0 0
0 1 0 3 0 1 16935 15615870
0 1 0 1 0 1 21882 15632805
0 1 0 0 0 1 27053 15654687
0 1 1 1 0 1 32455 15681740
0 1 0 1 0 1 38028 15714195
0 0 1 0 0 0 0 0
0 1 0 3 0 1 43783 15752223
0 0 0 3 0 0 0 0
0 1 1 1 0 1 49671 15796006
0 1 0 0 0 1 55661 15845677
0 1 1 1 0 1 61755 15901338
0 1 1 1 0 1 67907 15963093
0 1 1 0 0 1 74087 16031000
0 0 1 3 0 0 0 0
0 1 1 0 0 1 80295 16105087
0 1 0 1 0 1 86481 16185382
0 1 0 0 0 1 92611 16271863
0 0 1 0 0 0 0 0
0 0 0 3 0 0 0 0
0 1 0 2 0 1 98683 16364474
0 1 1 2 0 1 104668 16463157
0 1 1 3 0 1 110515 16567825
0 1 1 3 0 1 116233 16678340
0 1 1 2 0 1 121762 17357
0 0 1 0 0 0 0 0
0 1 0 2 0 1 127115 139119
0 1 1 1 0 1 132238 266234
0 0 1 3 0 0 0 0
0 1 0 1 0 1 137123 398472
0 1 0 1 0 1 141746 535595
0 1 1 3 0 1 146105 677341
0 1 0 1 0 1 150158 823446
0 1 0 3 0 1 153885 973604
0 1 1 2 1 1 157331 1127489
0 1 1 2 0 1 160598 1284820
0 1 1 0 0 1 163711 1445418
0 0 0 3 0 0 0 0
0 1 0 3 0 1 166670 1609129
0 1 1 1 0 1 169453 1775799
0 0 1 3 0 0 0 0
0 1 0 1 0 1 172038 1945252
0 1 0 0 0 1 174440 2117290
0 1 1 0 0 1 176614 2291730
0 1 0 3 0 1 178583 2468344
0 1 0 3 0 1 180321 2646927
0 1 1 2 0 1 181828 2827248
0 1 1 1 0 1 183093 3009076
0 1 1 1 0 1 184105 3192169
0 1 0 2 0 1 184875 3376274
0 1 1 1 0 1 185381 3561149
0 1 1 1 0 1 185630 3746530
0 1 0 0 0 1 185630 3932160
0 1 0 0 0 1 185381 4117790
0 1 1 1 0 1 184875 4303171
0 1 1 2 0 1 184105 4488046
0 1 1 1 0 1 183093 4672151
0 1 0 0 0 1 181828 4855244
0 1 1 0 0 1 180321 5037072
0 0 1 3 0 0 0 0
0 1 1 1 0 1 178583 5217393
0 1 0 1 0 1 176614 5395976
0 1 1 1 0 1 174440 5572590
0 1 1 3 0 1 172038 5747030
0 1 1 0 0 1 169453 5919068
0 1 1 1 0 1 166670 6088521
0 0 1 1 0 0 0 0
0 1 0 2 0 1 163711 6255191
0 0 1 1 0 0 0 0
0 1 1 0 0 1 160598 6418902
0 1 1 3 0 1 157331 6579500
0 0 1 3 1 0 0 0
0 1 1 0 1 1 153845 6736831
0 1 0 2 0 1 149888 6890676
0 1 1 2 0 1 145365 7040564
0 1 1 3 0 1 140306 7185929
0 1 1 2 0 1 134763 7326235
0 1 1 2 0 1 128728 7460998
0 1 0 0 0 1 122235 7589726
0 0 1 2 0 0 0 0
0 1 1 3 0 1 115302 7711961
0 1 0 0 0 1 107993 7827263
0 1 1 2 0 1 100285 7935256
0 1 1 1 0 1 92268 8035541
0 1 1 2 0 1 83923 8127809
0 0 1 1 0 0 0 0
0 0 1 0 0 0 0 0
0 0 1 1 0 0 0 0
0 1 1 0 0 1 75321 8211732
0 1 1 1 0 1 66511 8287053
0 1 1 0 0 1 57485 8353564
0 1 0 1 0 1 48307 8411049
0 1 1 0 0 1 39037 8459356
0 1 1 0 0 1 29675 8498393
0 1 1 0 0 1 20281 8528068
0 0 1 0 0 0 0 0
0 0 0 1 0 0 0 0
0 1 1 2 0 1 10911 8548349
0 0 0 3 0 0 0 0
0 1 1 0 0 1 1573 8559260
0 0 0 1 0 0 0 0
0 1 0 2 0 1 -7692 8560833
0 1 1 0 0 1 -16805 8553141
0 1 1 1 0 1 -25777 8536336
0 1 1 1 0 1 -34518 8510559
0 0 1 0 0 0 0 0
0 1 0 1 0 1 -43035 8476041
0 1 0 2 0 1 -51272 8433006
0 1 1 3 0 1 -59187 8381734
0 1 0 0 0 1 -66754 8322547
0 0 1 2 0 0 0 0
0 1 1 0 0 1 -73965 8255793
0 0 1 0 0 0 0 0
0 1 1 2 0 1 -80752 8181828
0 1 1 3 0 1 -87085 8101076
0 1 1 1 1 1 -93051 8013991
0 1 0 3 0 1 -98878 7920940
0 1 1 1 0 1 -104631 7822062
0 1 1 0 0 1 -110302 7717431
0 1 0 3 0 1 -115845 7607129
0 1 0 2 0 1 -121230 7491284
0 1 1 0 0 1 -126464 7370054
0 1 0 0 0 1 -131494 7243590
0 0 1 1 0 0 0 0
0 1 1 2 0 1 -136319 7112096
0 1 1 0 0 1 -140913 6975777
0 1 0 2 0 1 -145252 6834864
0 1 1 1 0 1 -149325 6689612
0 1 1 1 0 1 -153097 6540287
0 1 0 1 0 1 -156571 6387190
0 1 1 1 0 1 -159717 6230619
0 1 1 0 0 1 -162534 6070902
0 0 0 1 0 0 0 0
0 1 1 1 0 1 -165006 5908368
0 1 1 3 0 1 -167133 5743362
0 1 1 2 0 1 -168899 5576229
0 1 1 2 0 1 -170273 5407330
0 1 1 2 0 1 -171285 5237057
0 1 1 3 0 1 -171908 5065772
0 1 0 3 0 1 -172137 4893864
0 1 0 3 0 1 -171991 4721727
0 1 0 3 0 1 -171446 4549736
0 1 1 1 0 1 -170536 4378290
0 1 1 1 0 1 -169230 4207754
0 1 1 3 0 1 -167565 4038524
0 1 1 0 0 1 -165518 3870959
0 1 0 2 0 1 -163119 3705441
0 1 1 0 0 1 -160382 3542322
0 1 1 0 0 1 -157299 3381940
0 1 1 0 1 1 -153965 3224641
0 1 1 2 0 1 -150698 3070676
0 0 1 1 0 0 0 0
0 1 1 3 0 1 -147585 2919978
0 1 1 1 0 1 -144626 2772393
0 1 1 3 0 1 -141843 2627767
0 1 1 1 0 1 -139258 2485924
0 1 1 1 0 1 -136875 2346666
0 1 1 2 0 1 -134682 2209791
0 1 1 2 0 1 -132713 2075109
0 1 1 0 0 1 -130975 1942396
0 1 1 3 0 1 -129468 1811421
0 1 0 3 0 1 -128203 1681953
0 1 1 2 0 1 -127191 1553750
0 1 0 0 0 1 -126421 1426559
0 1 1 1 0 1 -125915 1300138
0 1 1 2 0 1 -125647 1174223
0 1 1 2 0 1 -125647 1048576
0 1 1 1 0 1 -125915 922929
0 1 1 0 0 1 -126421 797014
0 1 1 2 0 1 -127191 670593
0 1 1 3 0 1 -128203 543402
0 1 1 1 0 1 -129468 415199
0 0 0 2 0 0 0 0
0 0 1 2 0 0 0 0
0 1 1 1 0 1 -130975 285731
0 1 1 2 0 1 -132713 154756
0 0 1 1 0 0 0 0
0 1 0 3 0 1 -134682 22043
0 1 1 3 0 1 -136875 16664577
0 1 1 2 0 1 -139258 16527702
0 1 1 2 0 1 -141843 16388444
0 1 0 2 0 1 -144626 16246601
0 1 1 3 0 1 -147585 16101975
0 1 0 2 0 1 -150698 15954390
0 1 0 1 0 1 -153965 15803692
0 1 1 3 1 1 -157267 15649727
0 0 1 3 0 0 0 0
0 1 0 1 0 1 -160166 15492460
0 0 1 0 0 0 0 0
0 0 1 1 0 0 0 0
0 0 1 0 0 0 0 0
0 1 1 0 0 1 -162527 15332294
0 1 1 1 0 1 -164366 15169767
0 1 1 3 0 1 -165677 15005401
0 1 1 3 0 1 -166422 14839724
0 0 0 0 0 0 0 0
0 0 0 2 0 0 0 0
0 1 1 2 0 1 -166632 14673302
0 0 1 0 0 0 0 0
0 1 1 2 0 1 -166278 14506670
0 1 1 3 0 1 -165399 14340392
0 1 0 3 0 1 -163953 14174993
0 0 1 0 0 0 0 0
0 0 0 2 0 0 0 0
0 0 0 2 0 0 0 0
0 1 1 2 0 1 -161988 14011040
0 1 1 1 0 1 -159477 13849052
0 0 0 0 0 0 0 0
0 1 1 2 0 1 -156441 13689575
0 1 0 2 0 1 -152923 13533134
0 1 0 2 0 1 -148885 13380211
0 1 1 3 0 1 -144382 13231326
0 0 0 1 0 0 0 0
0 0 1 0 0 0 0 0
0 1 0 2 0 1 -139438 13086944
0 0 1 3 0 0 0 0
0 1 0 1 0 1 -134053 12947506
0 0 1 3 0 0 0 0
0 1 1 2 0 1 -128267 12813453
0 1 1 0 0 1 -122089 12685186
0 1 1 3 0 1 -115557 12563097
0 1 1 0 0 1 -108676 12447540
0 0 0 1 0 0 0 0
0 1 0 1 0 1 -101505 12338864
0 1 1 1 0 1 -94055 12237359
0 1 1 2 0 1 -86374 12143304
0 1 1 3 0 1 -78488 12056930
0 1 1 2 0 1 -70422 11978442
0 1 1 2 0 1 -62237 11908020
0 1 0 3 0 1 -53934 11845783
0 1 1 3 0 1 -45551 11791849
0 1 1 1 0 1 -37158 11746298
0 1 0 2 0 1 -28771 11709140
0 1 0 2 1 0 0 0
0 1 1 1 1 1 -20405 11680369
0 1 0 2 0 1 -12156 11659964
0 1 1 2 0 1 -4045 11647808
0 1 1 0 0 1 3918 11643763
0 1 1 2 0 1 11669 11647681
0 1 0 1 0 1 19164 11659350
0 1 1 0 0 1 26405 11678514
0 0 1 2 0 0 0 0
0 1 1 1 0 1 33346 11704919
0 1 1 3 0 1 39959 11738265
0 1 1 2 0 1 46215 11778224
0 1 0 2 0 1 52084 11824439
0 1 1 3 0 1 57549 11876523
0 0 1 1 0 0 0 0
0 1 1 2 0 1 62563 11934072
0 1 0 3 0 1 67133 11996635
0 1 0 2 0 1 71215 12063768
0 1 0 0 0 1 74821 12134983
0 1 0 2 0 1 77911 12209804
0 1 1 3 0 1 80485 12287715
0 1 1 2 0 1 82543 12368200
0 1 1 0 0 1 84033 12450743
0 1 0 0 0 1 84999 12534776
0 0 1 0 0 0 0 0
0 1 1 2 0 1 85404 12619775
0 1 1 1 0 1 85245 12705179
0 0 1 3 0 0 0 0
0 0 1 0 0 0 0 0
0 1 1 0 0 1 84549 12790424
0 1 1 1 0 1 83286 12874973
0 1 1 2 0 1 81495 12958259
0 1 1 1 0 1 79164 13039754
0 1 1 1 0 1 76319 13118918
0 1 1 0 0 1 72938 13195237
0 1 1 2 0 1 69065 13268175
0 1 1 1 0 1 64724 13337240
0 0 1 0 0 0 0 0
0 1 0 3 0 1 59905 13401964
0 0 1 2 1 0 0 0
0 1 0 3 1 0 0 0
0 0 1 0 1 0 0 0
0 1 1 1 1 1 54679 13461869
0 1 0 2 0 1 49262 13516548
0 1 0 3 0 1 43699 13565810
0 1 1 0 0 1 38006 13609509
0 0 1 3 0 0 0 0
0 1 1 2 0 1 32233 13647515
0 1 1 3 0 1 26398 13679748
0 1 1 2 0 1 20512 13706146
0 1 1 3 0 1 14606 13726658
0 0 0 1 0 0 0 0
0 0 1 3 0 0 0 0
0 1 1 3 0 1 8715 13741264
0 1 1 1 0 1 2845 13749979
0 0 1 2 0 0 0 0
0 0 1 2 0 0 0 0
0 1 1 3 0 1 -2956 13752824
0 0 1 1 0 0 0 0
0 1 0 0 0 1 -8687 13749868
0 1 1 2 0 1 -14299 13741181
0 1 1 2 0 1 -19777 13726882
0 1 1 0 0 1 -25103 13707105
0 1 1 3 0 1 -30258 13682002
0 1 1 0 0 1 -35202 13651744
0 1 1 0 0 1 -39935 13616542
0 1 1 0 0 1 -44433 13576607
0 0 1 2 0 0 0 0
0 0 1 0 0 0 0 0
0 0 1 1 0 0 0 0
0 0 0 1 0 0 0 0
0 1 1 0 0 1 -48651 13532174
0 1 0 2 0 1 -52607 13483523
0 0 1 2 0 0 0 0
0 1 0 0 0 1 -56268 13430916
0 1 0 2 0 1 -59603 13374648
0 0 1 2 0 0 0 0
0 1 1 2 0 1 -62629 13315045
0 1 1 1 0 1 -65298 13252416
0 0 0 0 0 0 0 0
0 1 1 1 0 1 -67632 13187118
0 1 1 0 0 1 -69602 13119486
0 1 1 0 0 1 -71207 13049884
0 1 0 3 0 1 -72426 12978677
0 0 0 2 0 0 0 0
0 1 0 1 0 1 -73277 12906251
0 1 0 0 0 1 -73746 12832974
0 0 1 2 0 0 0 0
0 0 1 1 0 0 0 0
0 0 1 3 0 0 0 0
0 1 1 0 0 1 -73817 12759228
0 0 0 0 1 0 0 0
0 1 1 1 1 1 -73575 12685411
0 1 0 2 0 1 -73278 12611836
0 1 0 0 0 1 -72995 12538558
0 1 0 0 0 1 -72726 12465563
0 0 0 0 0 0 0 0
0 1 1 0 0 1 -72473 12392837
0 0 1 1 0 0 0 0
0 1 1 3 0 1 -72238 12320364
0 0 1 1 0 0 0 0
0 1 1 0 0 1 -72025 12248126
0 1 1 3 0 1 -71822 12176101
0 1 0 3 0 1 -71643 12104279
0 1 1 3 0 1 -71485 12032636
0 1 0 2 0 1 -71348 11961151
0 1 1 3 0 1 -71233 11889803
0 1 0 2 0 1 -71141 11818570
0 1 1 0 0 1 -71071 11747429
0 0 0 1 0 0 0 0
0 1 0 1 0 1 -71025 11676358
0 0 0 3 0 0 0 0
0 0 0 1 0 0 0 0
0 1 1 3 0 1 -70997 11605333
0 1 1 3 0 1 -70997 11534336
0 1 1 0 0 1 -71025 11463339
0 1 0 1 0 1 -71071 11392314
0 1 1 0 0 1 -71141 11321243
0 0 1 3 0 0 0 0
0 1 1 0 0 1 -71233 11250102
0 1 1 2 0 1 -71348 11178869
0 0 0 2 0 0 0 0
0 1 0 0 0 1 -71485 11107521
0 1 1 0 0 1 -71643 11036036
0 1 0 2 0 1 -71822 10964393
0 0 0 1 0 0 0 0
0 1 1 3 0 1 -72025 10892571
0 1 1 3 0 1 -72238 10820546
0 0 1 0 0 0 0 0
0 1 1 2 0 1 -72473 10748308
0 1 0 2 0 1 -72726 10675835
0 0 1 2 0 0 0 0
0 1 0 3 0 1 -72995 10603109
0 0 1 1 0 0 0 0
0 1 0 1 0 1 -73278 10530114
0 1 1 0 0 1 -73575 10456836
0 0 0 3 1 0 0 0
0 0 0 1 1 0 0 0
0 1 1 2 1 1 -73849 10383261
0 1 0 2 0 1 -73962 10309412
0 0 0 0 0 0 0 0
0 1 1 3 0 1 -73869 10235450
0 1 1 2 0 1 -73578 10161581
0 1 1 2 0 1 -73095 10088003
0 1 0 3 0 1 -72410 10014908
0 1 1 0 0 1 -71536 9942498
0 1 1 2 0 1 -70466 9870962
0 1 1 1 0 1 -69221 9800496
0 1 0 2 0 1 -67787 9731275
0 0 0 2 0 0 0 0
0 0 1 3 0 0 0 0
0 1 1 1 0 1 -66188 9663488
0 1 0 0 0 1 -64415 9597300
0 0 1 0 0 0 0 0
0 0 0 0 0 0 0 0
0 1 0 3 0 1 -62483 9532885
0 1 1 1 0 1 -60409 9470402
0 0 1 0 0 0 0 0
0 1 1 0 0 1 -58183 9409993
0 1 0 1 0 1 -55826 9351810
0 1 1 0 0 1 -53354 9295984
0 1 1 1 0 1 -50767 9242630
0 1 0 2 0 1 -48081 9191863
0 1 1 1 0 1 -45307 9143782
0 1 0 2 0 1 -42455 9098475
0 1 0 1 0 1 -39532 9056020
0 1 0 0 0 1 -36563 9016488
0 1 1 0 0 1 -33549 8979925
0 1 1 3 0 1 -30514 8946376
0 1 1 0 0 1 -27464 8915862
0 1 0 1 0 1 -24410 8888398
0 1 1 2 0 1 -21375 8863988
0 1 1 3 0 1 -18362 8842613
0 0 1 2 0 0 0 0
0 1 0 1 0 1 -15381 8824251
0 1 1 3 0 1 -12458 8808870
0 1 1 2 0 1 -9601 8796412
0 1 0 1 1 0 0 0
0 1 0 3 1 0 0 0
0 1 0 2 1 0 0 0
0 1 1 0 1 1 -6855 8786811
0 0 0 2 0 0 0 0
0 1 1 1 0 1 -4412 8779956
0 1 1 2 0 1 -2335 8775544
0 1 1 2 0 1 -614 8773209
0 1 1 0 0 1 743 8772595
0 1 0 2 0 1 1708 8773338
0 1 1 0 0 1 2295 8775046
0 1 1 1 0 1 2502 8777341
0 1 1 2 0 1 2333 8779843
0 1 1 1 0 1 1765 8782176
0 1 1 2 0 1 828 8783941
0 1 1 2 0 1 -497 8784769
0 0 0 2 0 0 0 0
0 1 1 1 0 1 -2199 8784272
0 0 1 3 0 0 0 0
0 1 0 1 0 1 -4249 8782073
0 1 1 2 0 1 -6675 8777824
0 1 1 1 0 1 -9433 8771149
0 1 1 3 0 1 -12523 8761716
0 0 1 2 0 0 0 0
0 1 1 0 0 1 -15945 8749193
0 1 1 0 0 1 -19659 8733248
0 1 1 2 0 1 -23669 8713589
0 1 1 1 0 1 -27947 8689920
0 1 1 3 0 1 -32492 8661973
0 0 1 0 0 0 0 0
0 1 1 0 0 1 -37265 8629481
0 1 0 1 0 1 -42257 8592216
0 0 1 0 0 0 0 0
0 1 1 0 0 1 -47438 8549959
0 1 0 2 0 1 -52795 8502521
0 1 1 2 0 1 -58292 8449726
0 1 1 0 0 1 -63907 8391434
0 1 1 2 0 1 -69634 8327527
0 1 0 3 0 1 -75445 8257893
0 1 0 0 0 1 -81292 8182448
0 1 0 1 0 1 -87165 8101156
0 0 0 1 1 0 0 0
0 1 1 0 1 1 -93083 8013991
0 0 0 3 0 0 0 0
0 1 0 2 0 1 -99094 7920908
0 0 1 3 0 0 0 0
0 1 1 3 0 1 -105223 7821814
0 1 1 1 0 1 -111454 7716591
0 1 0 3 0 1 -117733 7605137
0 1 1 3 0 1 -124038 7487404
0 0 1 0 0 0 0 0
0 1 0 2 0 1 -130368 7363366
0 1 1 2 0 1 -136662 7232998
0 1 1 0 0 1 -142911 7096336
0 1 1 1 0 1 -149097 6953425
0 0 1 3 0 0 0 0
0 1 1 0 0 1 -155172 6804328
0 0 0 0 0 0 0 0
0 1 1 1 0 1 -161133 6649156
0 1 1 1 0 1 -166929 6488023
0 1 1 2 0 1 -172547 6321094
0 1 1 3 0 1 -177965 6148547
0 0 1 0 0 0 0 0
0 1 1 1 0 1 -183158 5970582
0 1 1 1 0 1 -188102 5787424
0 1 1 0 0 1 -192797 5599322
0 1 0 2 0 1 -197203 5406525
0 1 0 1 0 1 -201281 5209322
0 1 1 3 0 1 -205053 5008041
0 1 0 1 0 1 -208484 4802988
0 0 1 0 0 0 0 0
0 1 1 0 0 1 -211545 4594504
0 1 1 3 0 1 -214255 4382959
0 1 0 1 0 1 -216566 4168704
0 1 1 3 0 1 -218512 3952138
0 1 0 0 0 1 -220038 3733626
0 1 1 1 0 1 -221173 3513588
0 1 1 3 0 1 -221886 3292415
0 0 0 0 0 0 0 0
0 1 1 2 0 1 -222199 3070529
0 1 1 0 0 1 -222102 2848330
0 1 1 2 0 1 -221579 2626228
0 1 1 2 1 1 -220645 2404649
0 1 1 0 0 1 -219294 2184004
0 1 1 1 0 1 -217505 1964710
0 1 1 3 0 1 -215298 1747205
0 0 1 3 0 0 0 0
0 1 0 3 0 1 -212699 1531907
0 1 1 2 0 1 -209694 1319208
0 1 1 1 0 1 -206315 1109514
0 1 1 1 0 1 -202546 903199
0 1 1 2 0 1 -198449 700653
0 0 1 3 0 0 0 0
0 1 0 2 0 1 -193995 502204
0 0 1 1 0 0 0 0
0 0 1 2 0 0 0 0
0 1 1 3 0 1 -189244 308209
0 1 1 3 0 1 -184179 118965
0 1 1 2 0 1 -178843 16712002
0 0 1 1 0 0 0 0
0 0 1 1 0 0 0 0
0 1 1 1 0 1 -173273 16533159
0 1 1 1 0 1 -167455 16359886
0 1 1 1 0 1 -161431 16192431
0 1 0 2 0 1 -155251 16031000
0 1 1 1 0 1 -148915 15875749
0 0 1 3 0 0 0 0
0 1 0 3 0 1 -142453 15726834
0 1 1 3 0 1 -135903 15584381
0 1 0 3 0 1 -129279 15448478
0 1 0 1 0 1 -122604 15319199
0 1 1 3 0 1 -115935 15196595
0 1 1 0 0 1 -109269 15080660
0 1 1 0 0 1 -102666 14971391
0 1 1 2 0 1 -96135 14868725
0 1 1 0 0 1 -89694 14772590
0 1 1 2 0 1 -83399 14682896
0 1 1 3 0 1 -77258 14599497
0 1 1 0 0 1 -71285 14522239
0 1 1 1 0 1 -65534 14450954
0 1 1 1 0 1 -60025 14385420
0 1 1 1 1 1 -54711 14325395
0 1 1 1 0 1 -49478 14270684
0 0 1 1 0 0 0 0
0 1 1 1 0 1 -44291 14221206
0 1 1 1 0 1 -39158 14176915
0 1 1 2 0 1 -34121 14137757
0 1 1 0 0 1 -29206 14103636
0 1 1 3 0 1 -24416 14074430
0 1 0 1 0 1 -19774 14050014
0 1 1 1 0 1 -15307 14030240
0 1 1 2 0 1 -11029 14014933
0 1 1 0 0 1 -6964 14003904
0 1 0 2 0 1 -3121 13996940
0 1 0 1 0 1 467 13993819
0 1 1 1 0 1 3801 13994286
0 1 1 2 0 1 6855 13998087
0 1 1 1 0 1 9634 14004942
0 0 1 2 0 0 0 0
0 1 1 3 0 1 12106 14014576
0 1 1 1 0 1 14271 14026682
0 1 0 0 0 1 16129 14040953
0 1 1 0 0 1 17643 14057082
0 0 1 2 0 0 0 0
0 1 0 0 0 1 18839 14074725
0 1 1 1 0 1 19692 14093564
0 0 0 2 0 0 0 0
0 1 0 0 0 1 20195 14113256
0 1 0 2 0 1 20365 14133451
0 1 1 3 0 1 20178 14153816
0 0 1 1 0 0 0 0
0 1 1 3 0 1 19656 14173994
0 1 0 0 0 1 18794 14193650
0 1 1 3 0 1 17599 14212444
0 0 0 0 0 0 0 0
0 1 1 1 0 1 16058 14230043
0 1 1 2 0 1 14197 14246101
0 1 1 0 0 1 12026 14260298
0 1 1 3 0 1 9537 14272324
0 1 1 1 1 1 6775 14281861
0 1 1 3 0 1 3872 14288636
0 0 1 0 0 0 0 0
0 1 1 0 0 1 855 14292508
0 1 1 2 0 1 -2266 14293363
0 1 0 1 0 1 -5463 14291097
0 1 1 2 0 1 -8728 14285634
0 0 0 0 0 0 0 0
0 1 1 3 0 1 -12055 14276906
0 1 1 1 0 1 -15422 14264851
0 1 0 1 0 1 -18813 14249429
0 1 0 3 0 1 -22225 14230616
0 1 0 1 0 1 -25628 14208391
0 1 1 2 0 1 -29023 14182763
0 1 0 0 0 1 -32381 14153740
0 1 0 3 0 1 -35691 14121359
0 1 0 1 0 1 -38945 14085668
0 1 1 2 0 1 -42127 14046723
0 1 1 1 0 1 -45217 14004596
0 1 1 2 0 1 -48215 13959379
0 1 0 1 0 1 -51101 13911164
0 1 1 0 0 1 -53851 13860063
0 1 0 3 0 1 -56473 13806212
0 0 1 2 0 0 0 0
0 1 1 2 0 1 -58948 13749739
0 1 1 2 0 1 -61255 13690791
0 1 1 2 0 1 -63403 13629536
0 1 1 0 0 1 -65362 13566133
0 1 1 0 0 1 -67145 13500771
0 1 1 1 0 1 -68728 13433626
0 1 0 2 0 1 -70113 13364898
0 1 1 1 0 1 -71286 13294785
0 1 1 3 0 1 -72255 13223499
0 0 1 2 0 0 0 0
0 1 1 1 0 1 -73008 13151244
0 1 1 2 0 1 -73535 13078236
0 1 1 3 1 1 -73817 13004701
0 1 0 1 0 1 -73746 12930884
0 1 1 1 0 1 -73277 12857138
0 1 0 1 0 1 -72426 12783861
0 1 1 2 0 1 -71207 12711435
0 1 0 0 0 1 -69602 12640228
0 1 1 1 0 1 -67632 12570626
0 1 1 3 0 1 -65298 12502994
0 1 0 2 0 1 -62629 12437696
0 1 0 3 0 1 -59603 12375067
0 1 1 1 0 1 -56268 12315464
0 1 1 0 0 1 -52607 12259196
0 1 1 3 0 1 -48651 12206589
0 1 0 2 0 1 -44433 12157938
0 1 1 0 0 1 -39935 12113505
0 0 1 3 0 0 0 0
0 1 1 0 0 1 -35202 12073570
0 0 1 1 0 0 0 0
0 1 1 2 0 1 -30258 12038368
0 1 1 3 0 1 -25103 12008110
0 1 0 1 0 1 -19777 11983007
0 1 0 2 0 1 -14299 11963230
0 0 1 3 0 0 0 0
0 1 1 3 0 1 -8687 11948931
0 0 1 1 0 0 0 0
0 1 0 1 0 1 -2956 11940244
0 1 1 3 0 1 2845 11937288
0 1 1 0 0 1 8715 11940133
0 0 1 2 0 0 0 0
0 1 1 3 0 1 14606 11948848
0 1 0 1 0 1 20512 11963454
0 1 1 1 0 1 26398 11983966
0 1 1 3 0 1 32233 12010364
0 1 1 3 0 1 38006 12042597
0 1 0 2 0 1 43699 12080603
0 1 0 0 0 1 49262 12124302
0 1 0 3 0 1 54679 12173564
0 1 0 1 1 0 0 0
0 0 1 0 1 0 0 0
0 1 0 0 1 0 0 0
0 1 1 3 1 1 60025 12228243
0 1 1 1 0 1 65534 12288268
0 1 1 1 0 1 71285 12353802
0 0 1 0 0 0 0 0
0 1 1 2 0 1 77258 12425087
0 0 1 1 0 0 0 0
0 1 1 0 0 1 83399 12502345
0 1 1 1 0 1 89694 12585744
0 1 1 1 0 1 96135 12675438
0 1 0 3 0 1 102666 12771573
0 1 1 2 0 1 109269 12874239
0 1 1 1 0 1 115935 12983508
0 1 1 1 0 1 122604 13099443
0 1 1 0 0 1 129279 13222047
0 1 1 3 0 1 135903 13351326
0 1 1 0 0 1 142453 13487229
0 1 1 3 0 1 148915 13629682
0 1 1 2 0 1 155251 13778597
0 0 0 1 0 0 0 0
0 1 0 2 0 1 161431 13933848
0 1 0 1 0 1 167455 14095279
0 0 1 1 0 0 0 0
0 1 1 1 0 1 173273 14262734
0 0 1 2 0 0 0 0
0 1 0 3 0 1 178843 14436007
0 1 1 1 0 1 184179 14614850
0 1 1 2 0 1 189244 14799029
0 1 1 1 0 1 193995 14988273
0 1 0 0 0 1 198449 15182268
0 1 1 0 0 1 202546 15380717
0 1 1 3 0 1 206315 15583263
0 1 1 0 0 1 209694 15789578
0 1 0 3 0 1 212699 15999272
0 0 1 1 0 0 0 0
0 1 0 3 0 1 215298 16211971
0 0 0 0 0 0 0 0
0 1 1 1 0 1 217505 16427269
0 1 1 3 0 1 219294 16644774
0 0 1 1 0 0 0 0
0 1 1 2 0 1 220645 86852
0 1 1 3 1 1 221643 307497
0 1 1 0 0 1 222534 529140
0 1 1 2 0 1 223383 751674
0 1 1 2 0 1 224190 975057
0 1 1 1 0 1 224949 1199247
0 1 1 3 0 1 225654 1424196
0 0 1 1 0 0 0 0
0 1 1 1 0 1 226320 1649850
0 1 1 3 0 1 226902 1876170
0 1 1 1 0 1 227439 2103072
0 1 1 0 0 1 227913 2330511
0 1 1 1 0 1 228324 2558424
0 0 1 0 0 0 0 0
0 1 1 1 0 1 228669 2786748
0 1 0 2 0 1 228945 3015417
0 0 1 2 0 0 0 0
0 1 1 2 0 1 229155 3244362
0 0 1 0 0 0 0 0
0 1 1 1 0 1 229293 3473517
0 1 1 3 0 1 229350 3702810
0 1 1 3 0 1 229350 3932160
0 1 1 0 0 1 229293 4161510
0 1 0 0 0 1 229155 4390803
0 0 1 1 0 0 0 0
0 1 1 2 0 1 228945 4619958
0 1 1 0 0 1 228669 4848903
0 1 1 3 0 1 228324 5077572
0 1 0 2 0 1 227913 5305896
0 1 0 3 0 1 227439 5533809
0 1 1 1 0 1 226902 5761248
0 1 0 0 0 1 226320 5988150
0 0 1 3 0 0 0 0
0 1 1 2 0 1 225654 6214470
0 0 1 0 0 0 0 0
0 1 0 0 0 1 224949 6440124
0 1 1 3 0 1 224190 6665073
0 1 1 1 0 1 223383 6889263
0 1 1 2 0 1 222534 7112646
0 1 1 3 0 1 221643 7335180
0 1 1 1 1 1 220645 7556823
0 1 1 0 0 1 219294 7777468
0 1 1 0 0 1 217505 7996762
0 1 0 1 0 1 215298 8214267
0 1 1 0 0 1 212699 8429565
0 1 1 1 0 1 209694 8642264
0 1 1 1 0 1 206315 8851958
0 1 0 3 0 1 202546 9058273
0 0 0 1 0 0 0 0
0 1 0 3 0 1 198449 9260819
0 1 0 0 0 1 193995 9459268
0 1 1 2 0 1 189244 9653263
0 1 1 0 0 1 184179 9842507
0 1 1 2 0 1 178843 10026686
0 0 1 3 0 0 0 0
0 1 0 1 0 1 173273 10205529
0 1 1 0 0 1 167455 10378802
0 1 1 2 0 1 161431 10546257
0 1 0 3 0 1 155251 10707688
0 1 0 0 0 1 148915 10862939
0 1 1 1 0 1 142453 11011854
0 0 1 1 0 0 0 0
0 1 1 0 0 1 135903 11154307
0 1 0 3 0 1 129279 11290210
0 1 1 3 0 1 122604 11419489
0 0 0 2 0 0 0 0
0 1 0 2 0 1 115935 11542093
0 1 0 1 0 1 109269 11658028
0 1 1 3 0 1 102666 11767297
0 1 1 2 0 1 96135 11869963
0 0 1 2 0 0 0 0
0 1 1 2 0 1 89694 11966098
0 1 0 3 0 1 83399 12055792
0 0 1 0 0 0 0 0
0 1 1 0 0 1 77258 12139191
0 1 1 1 0 1 71285 12216449
0 0 1 1 0 0 0 0
0 1 1 3 0 1 65534 12287734
0 1 1 3 0 1 60025 12353268
0 1 1 3 1 1 54743 12413293
0 1 0 1 0 1 49694 12468036
0 1 1 0 0 1 44883 12517730
0 1 1 3 0 1 40310 12562613
0 1 1 3 0 1 36009 12602923
0 0 1 3 0 0 0 0
0 1 1 2 0 1 32014 12638932
0 1 0 1 0 1 28320 12670946
0 1 1 0 0 1 24942 12699266
0 1 1 3 0 1 21899 12724208
0 1 1 2 0 1 19213 12746107
0 1 0 1 0 1 16884 12765320
0 1 1 2 0 1 14929 12782204
0 1 1 2 0 1 13365 12797133
0 1 1 2 0 1 12175 12810498
0 0 1 2 0 0 0 0
0 1 0 2 0 1 11393 12822673
0 1 0 1 0 1 10990 12834066
0 1 1 3 0 1 10990 12845056
0 1 0 1 0 1 11393 12856046
0 1 1 1 0 1 12175 12867439
0 1 1 0 0 1 13365 12879614
0 0 0 3 0 0 0 0
0 0 1 1 0 0 0 0
0 1 1 3 0 1 14929 12892979
0 1 0 0 0 1 16884 12907908
0 0 1 0 0 0 0 0
0 1 0 1 0 1 19213 12924792
0 1 1 3 0 1 21899 12944005
0 1 1 3 0 1 24942 12965904
0 1 0 0 0 1 28320 12990846
0 0 0 0 0 0 0 0
0 0 1 1 0 0 0 0
0 1 0 1 0 1 32014 13019166
0 1 1 1 0 1 36009 13051180
0 1 0 2 0 1 40310 13087189
0 0 1 0 0 0 0 0
0 1 0 0 0 1 44883 13127499
0 1 1 0 0 1 49694 13172382
0 1 1 1 0 1 54743 13222076
0 1 1 2 1 1 59985 13276819
0 1 0 0 0 1 65264 13336804
0 1 0 2 0 1 70545 13402068
0 1 1 2 0 1 75818 13472613
0 1 1 0 0 1 81039 13548431
0 1 1 2 0 1 86184 13629470
0 1 1 3 0 1 91255 13715654
0 1 1 2 0 1 96206 13806909
0 1 1 0 0 1 101029 13903115
0 1 1 3 0 1 105705 14004144
0 1 1 0 0 1 110204 14109849
0 1 0 0 0 1 114519 14220053
0 1 0 3 0 1 118613 14334572
0 1 1 1 0 1 122483 14453185
0 1 1 0 0 1 126105 14575668
0 1 1 2 0 1 129471 14701773
0 0 1 1 0 0 0 0
0 1 0 1 0 1 132561 14831244
0 1 1 2 0 1 135375 14963805
0 1 1 3 0 1 137893 15099180
0 1 1 2 0 1 140083 15237073
0 0 0 1 0 0 0 0
0 1 1 0 0 1 141969 15377156
0 1 1 1 0 1 143524 15519125
0 1 1 1 0 1 144735 15662649
0 1 0 2 0 1 145619 15807384
0 1 1 2 0 1 146146 15953003
0 1 0 0 0 1 146345 16099149
0 1 1 0 0 1 146184 16245494
0 1 0 3 0 1 145689 16391678
0 1 1 0 0 1 144838 16537367
0 1 1 2 0 1 143655 16682205
0 1 0 2 0 1 142144 48644
0 1 1 1 0 1 140295 190788
0 1 0 0 1 0 0 0
0 1 0 2 1 0 0 0
0 1 1 0 1 1 138097 331083
0 0 1 0 0 0 0 0
0 1 0 2 0 1 135466 469180
0 1 1 1 0 1 132357 604646
0 1 1 2 0 1 128794 737003
0 1 0 1 0 1 124815 865797
0 1 0 1 0 1 120410 990612
0 1 1 1 0 1 115608 1111022
0 1 0 3 0 1 110418 1226630
0 0 1 3 0 0 0 0
0 1 0 3 0 1 104893 1337048
0 1 1 3 0 1 99011 1441941
0 1 0 3 0 1 92844 1540952
0 0 1 2 0 0 0 0
0 1 0 0 0 1 86375 1633796
0 1 1 0 0 1 79659 1720171
0 0 1 0 0 0 0 0
0 1 1 2 0 1 72737 1799830
0 1 1 1 0 1 65599 1872567
0 1 1 1 0 1 58298 1938166
0 1 0 1 0 1 50882 1996464
0 1 1 3 0 1 43351 2047346
0 1 1 1 0 1 35753 2090697
0 0 1 2 0 0 0 0
0 0 0 3 0 0 0 0
0 1 0 0 0 1 28131 2126450
0 0 1 1 0 0 0 0
0 0 1 1 0 0 0 0
0 0 1 2 0 0 0 0
0 1 1 0 0 1 20495 2154581
0 1 1 2 0 1 12876 2175076
0 0 1 0 0 0 0 0
0 1 0 2 0 1 5339 2187952
0 1 1 3 0 1 -2123 2193291
0 1 1 2 0 1 -9438 2191168
0 0 1 2 0 0 0 0
0 1 1 2 0 1 -16608 2181730
0 1 1 1 0 1 -23590 2165122
0 1 1 1 0 1 -30345 2141532
0 1 1 0 0 1 -36854 2111187
0 1 0 0 0 1 -43107 2074333
0 1 1 1 0 1 -49046 2031226
0 1 1 0 0 1 -54647 1982180
0 1 1 1 1 1 -59985 1927533
0 1 0 1 0 1 -65264 1867548
0 1 1 2 0 1 -70545 1802284
0 1 1 0 0 1 -75818 1731739
0 1 1 0 0 1 -81039 1655921
0 1 0 3 0 1 -86184 1574882
0 1 0 2 0 1 -91255 1488698
0 1 0 3 0 1 -96206 1397443
0 1 1 0 0 1 -101029 1301237
0 1 0 3 0 1 -105705 1200208
0 0 1 0 0 0 0 0
0 1 0 2 0 1 -110204 1094503
0 1 1 2 0 1 -114519 984299
0 1 0 0 0 1 -118613 869780
0 1 0 2 0 1 -122483 751167
0 1 0 3 0 1 -126105 628684
0 1 0 3 0 1 -129471 502579
0 1 1 1 0 1 -132561 373108
0 1 0 3 0 1 -135375 240547
0 1 1 2 0 1 -137893 105172
0 1 1 2 0 1 -140083 16744495
0 1 0 1 0 1 -141969 16604412
0 1 0 1 0 1 -143524 16462443
0 1 0 2 0 1 -144735 16318919
0 1 1 0 0 1 -145619 16174184
0 1 1 2 0 1 -146146 16028565
0 0 0 3 0 0 0 0
0 1 0 0 0 1 -146345 15882419
0 0 0 1 0 0 0 0
0 0 1 1 0 0 0 0
0 1 1 3 0 1 -146184 15736074
0 1 1 0 0 1 -145689 15589890
0 1 1 1 0 1 -144838 15444201
0 0 1 0 0 0 0 0
0 1 1 3 0 1 -143655 15299363
0 1 1 1 0 1 -142144 15155708
0 1 1 0 0 1 -140295 15013564
0 1 1 1 1 1 -138161 14873269
0 1 1 2 0 1 -135898 14735108
0 1 1 3 0 1 -133541 14599210
0 1 0 2 0 1 -131098 14465669
0 1 1 2 0 1 -128591 14334571
0 1 1 3 0 1 -126026 14205980
0 1 1 1 0 1 -123416 14079954
0 1 1 3 0 1 -120754 13956538
0 1 0 2 0 1 -118077 13835784
0 1 1 2 0 1 -115379 13717707
0 1 0 0 0 1 -112684 13602328
0 1 1 2 0 1 -109991 13489644
0 0 1 3 0 0 0 0
0 1 1 2 0 1 -107323 13379653
0 0 1 3 0 0 0 0
0 1 1 1 0 1 -104689 13272330
0 0 1 1 0 0 0 0
0 1 1 3 0 1 -102095 13167641
0 1 1 1 0 1 -99546 13065546
0 1 1 3 0 1 -97074 12966000
0 1 1 2 0 1 -94679 12868926
0 0 1 3 0 0 0 0
0 1 0 0 0 1 -92361 12774247
0 1 1 1 0 1 -90147 12681886
0 0 1 3 0 0 0 0
0 0 1 0 0 0 0 0
0 1 1 2 0 1 -88031 12591739
0 1 1 2 0 1 -86028 12503708
0 1 0 1 0 1 -84155 12417680
0 1 1 2 0 1 -82405 12333525
0 1 1 1 0 1 -80802 12251120
0 1 1 2 0 1 -79344 12170318
0 0 0 0 0 0 0 0
0 1 1 0 0 1 -78026 12090974
0 1 1 0 0 1 -76871 12012948
0 1 0 2 0 1 -75882 11936077
0 0 1 0 0 0 0 0
0 1 1 0 0 1 -75053 11860195
0 1 0 1 0 1 -74394 11785142
0 1 1 3 0 1 -73913 11710748
0 1 1 3 1 1 -73495 11636835
0 1 1 3 0 1 -72738 11563340
0 1 1 2 0 1 -71515 11490602
0 1 1 3 0 1 -69846 11419087
0 1 1 0 0 1 -67753 11349241
0 0 1 2 0 0 0 0
0 1 0 2 0 1 -65218 11281488
0 1 1 1 0 1 -62265 11216270
0 0 1 0 0 0 0 0
0 1 0 1 0 1 -58902 11154005
0 1 1 1 0 1 -55163 11095103
0 1 0 2 0 1 -51025 11039940
0 1 1 0 0 1 -46548 10988915
0 1 1 3 0 1 -41713 10942367
0 1 1 0 0 1 -36561 10900654
0 0 1 2 0 0 0 0
0 1 0 2 0 1 -31131 10864093
0 0 0 1 0 0 0 0
0 1 1 0 0 1 -25405 10832962
0 0 1 3 0 0 0 0
0 1 1 2 0 1 -19437 10807557
0 0 1 0 0 0 0 0
0 0 0 0 0 0 0 0
0 1 1 0 0 1 -13257 10788120
0 1 0 2 0 1 -6865 10774863
0 1 1 1 0 1 -311 10767998
0 1 0 0 0 1 6379 10767687
0 1 0 1 0 1 13187 10774066
0 1 1 1 0 1 20092 10787253
0 1 1 0 0 1 27035 10807345
0 1 0 3 0 1 34017 10834380
0 1 1 2 0 1 40978 10868397
0 1 0 0 0 1 47915 10909375
0 1 1 3 0 1 54782 10957290
0 1 1 2 0 1 61547 11012072
0 0 1 1 0 0 0 0
0 1 1 0 0 1 68194 11073619
0 0 1 1 0 0 0 0
0 1 1 2 0 1 74705 11141813
0 1 1 2 0 1 81022 11216518
0 0 1 0 0 0 0 0
0 1 0 2 0 1 87125 11297540
0 1 1 3 1 1 93083 11384665
0 0 1 3 0 0 0 0
0 1 1 0 0 1 99094 11477748
0 1 0 2 0 1 105223 11576842
0 0 1 0 0 0 0 0
0 1 1 2 0 1 111454 11682065
0 1 1 2 0 1 117733 11793519
0 1 1 3 0 1 124038 11911252
0 1 1 3 0 1 130368 12035290
0 1 1 3 0 1 136662 12165658
0 1 1 2 0 1 142911 12302320
0 1 0 0 0 1 149097 12445231
0 1 1 1 0 1 155172 12594328
0 1 1 2 0 1 161133 12749500
0 0 1 0 0 0 0 0
0 0 1 3 0 0 0 0
0 1 1 1 0 1 166929 12910633
0 1 0 2 0 1 172547 13077562
0 1 1 1 0 1 177965 13250109
0 0 0 3 0 0 0 0
0 1 1 2 0 1 183158 13428074
0 0 0 3 0 0 0 0
0 1 1 1 0 1 188102 13611232
0 1 1 2 0 1 192797 13799334
0 1 1 0 0 1 197203 13992131
0 0 0 2 0 0 0 0
0 0 1 1 0 0 0 0
0 0 0 0 0 0 0 0
0 1 0 1 0 1 201281 14189334
0 1 1 0 0 1 205053 14390615
0 1 1 0 0 1 208484 14595668
0 1 1 2 0 1 211545 14804152
0 1 1 3 0 1 214255 15015697
0 1 0 2 0 1 216566 15229952
0 1 1 1 0 1 218512 15446518
0 1 1 3 0 1 220038 15665030
0 1 1 3 0 1 221173 15885068
0 1 1 1 0 1 221886 16106241
0 1 1 3 0 1 222199 16328127
0 1 1 0 0 1 222102 16550326
0 1 0 3 0 1 221579 16772428
0 1 1 3 1 1 220725 216791
0 0 1 3 0 0 0 0
0 1 0 2 0 1 219834 437516
0 0 1 0 0 0 0 0
0 1 1 3 0 1 218985 657350
0 1 1 3 0 1 218178 876335
0 0 1 1 0 0 0 0
0 1 1 0 0 1 217419 1094513
0 1 1 1 0 1 216714 1311932
0 1 1 1 0 1 216075 1528646
0 1 1 1 0 1 215466 1744721
0 0 1 0 0 0 0 0
0 1 1 1 0 1 214929 1960187
0 1 0 2 0 1 214455 2175116
0 1 0 3 0 1 214044 2389571
0 1 1 1 0 1 213699 2603615
0 1 1 0 0 1 213423 2817314
0 1 1 1 0 1 213213 3030737
0 1 1 2 0 1 213075 3243950
0 1 1 3 0 1 212991 3457025
0 1 0 3 0 1 212991 3670016
0 1 1 2 0 1 213075 3883007
0 1 1 2 0 1 213213 4096082
0 1 0 1 0 1 213423 4309295
0 1 1 2 0 1 213699 4522718
0 1 1 1 0 1 214044 4736417
0 0 1 2 0 0 0 0
0 1 1 2 0 1 214455 4950461
0 1 0 3 0 1 214929 5164916
0 1 1 2 0 1 215466 5379845
0 1 0 2 0 1 216075 5595311
0 1 1 1 0 1 216714 5811386
0 1 1 3 0 1 217419 6028100
0 1 1 0 0 1 218178 6245519
0 1 1 3 0 1 218985 6463697
0 1 1 2 0 1 219834 6682682
0 1 1 1 0 1 220725 6902516
0 1 0 1 1 0 0 0
0 1 0 2 1 0 0 0
0 1 1 0 1 1 221547 7123241
0 0 1 1 0 0 0 0
0 0 1 1 0 0 0 0
0 1 1 0 0 1 221886 7344788
0 1 1 1 0 1 221607 7566674
0 1 1 1 0 1 220734 7788281
0 1 1 2 0 1 219285 8009015
0 1 1 2 0 1 217230 8228300
0 1 0 0 0 1 214608 8445530
0 1 1 2 0 1 211398 8660138
0 1 1 2 0 1 207663 8871536
0 0 1 2 0 0 0 0
0 1 1 3 0 1 203361 9079199
0 1 0 3 0 1 198564 9282560
0 0 1 3 0 0 0 0
0 1 0 1 0 1 193245 9481124
0 1 1 2 0 1 187449 9674369
0 1 1 3 0 1 181227 9861818
0 1 1 1 0 1 174549 10043045
0 1 1 3 0 1 167478 10217594
0 1 1 1 0 1 160062 10385072
0 1 0 3 0 1 152301 10545134
0 0 1 2 0 0 0 0
0 0 1 3 0 0 0 0
0 1 1 0 0 1 144243 10697435
0 0 1 3 0 0 0 0
0 1 0 3 0 1 135921 10841678
0 1 1 1 0 1 127365 10977599
0 1 1 1 0 1 118596 11104964
0 1 0 0 0 1 109689 11223560
0 1 1 0 0 1 100647 11333249
0 1 1 3 0 1 91542 11433896
0 1 1 2 0 1 82392 11525438
0 1 1 1 0 1 73230 11607830
0 1 1 3 0 1 64125 11681060
0 1 0 1 0 1 55086 11745185
0 0 1 1 0 0 0 0
0 0 1 1 0 0 0 0
0 0 0 2 0 0 0 0
0 1 1 0 0 1 46143 11800271
0 1 1 2 0 1 37374 11846414
0 1 1 3 0 1 28803 11883788
0 1 1 1 1 1 20365 11912591
0 0 1 1 0 0 0 0
0 1 0 3 0 1 11886 11932956
0 0 1 3 0 0 0 0
0 1 1 3 0 1 3305 11944842
0 0 0 2 0 0 0 0
0 1 1 2 0 1 -5358 11948147
0 1 1 0 0 1 -14029 11942789
0 1 1 3 0 1 -22674 11928760
0 1 1 1 0 1 -31285 11906086
0 1 1 2 0 1 -39806 11874801
0 1 1 0 0 1 -48199 11834995
0 1 1 1 0 1 -56445 11786796
0 1 0 2 0 1 -64484 11730351
0 1 0 0 0 1 -72309 11665867
0 1 1 2 0 1 -79853 11593558
0 1 1 3 0 1 -87103 11513705
0 1 1 3 0 1 -94025 11426602
0 1 1 2 0 1 -100601 11332577
0 1 1 3 0 1 -106781 11231976
0 0 1 0 0 0 0 0
0 0 1 3 0 0 0 0
0 0 0 1 0 0 0 0
0 1 1 3 0 1 -112565 11125195
0 1 1 2 0 1 -117923 11012630
0 1 1 0 0 1 -122793 10894707
0 1 0 0 0 1 -127209 10771914
0 1 0 0 0 1 -131124 10644705
0 0 1 2 0 0 0 0
0 0 1 3 0 0 0 0
0 1 1 3 0 1 -134505 10513581
0 1 1 1 0 1 -137379 10379076
0 1 1 0 0 1 -139686 10241697
0 1 1 0 0 1 -141465 10102011
0 0 1 1 0 0 0 0
0 1 1 1 0 1 -142674 9960546
0 1 1 3 0 1 -143329 9817872
0 1 1 1 0 1 -143398 9674543
0 1 1 1 0 1 -142915 9531145
0 1 1 1 0 1 -141874 9388230
0 1 1 2 0 1 -140255 9246356
0 1 1 0 1 1 -138193 9106101
0 1 1 2 0 1 -136114 8967908
0 1 1 1 0 1 -134133 8831794
0 1 1 0 0 1 -132250 8697661
0 1 0 1 0 1 -130479 8565411
0 1 1 1 0 1 -128834 8434932
0 1 1 3 0 1 -127320 8306098
0 1 1 3 0 1 -125922 8178778
0 1 1 3 0 1 -124669 8052856
0 1 0 3 0 1 -123563 7928187
0 1 1 3 0 1 -122604 7804624
0 0 1 1 0 0 0 0
0 1 1 0 0 1 -121799 7682020
0 1 0 2 0 1 -121155 7560221
0 1 0 0 0 1 -120665 7439066
0 1 1 3 0 1 -120343 7318401
0 1 0 2 0 1 -120170 7198058
0 1 1 0 0 1 -120170 7077888
0 1 1 2 0 1 -120343 6957718
0 1 1 3 0 1 -120665 6837375
0 1 1 2 0 1 -121155 6716710
0 0 1 3 0 0 0 0
0 0 1 3 0 0 0 0
0 1 1 3 0 1 -121799 6595555
0 1 0 1 0 1 -122604 6473756
0 1 0 3 0 1 -123563 6351152
0 0 1 0 0 0 0 0
0 0 1 3 0 0 0 0
0 1 1 0 0 1 -124669 6227589
0 1 0 3 0 1 -125922 6102920
0 1 1 0 0 1 -127320 5976998
0 1 0 2 0 1 -128834 5849678
0 1 0 1 0 1 -130479 5720844
0 1 1 0 0 1 -132250 5590365
0 0 1 3 0 0 0 0
0 1 0 1 0 1 -134133 5458115
0 1 0 0 0 1 -136114 5323982
0 0 0 2 0 0 0 0
0 1 0 2 0 1 -138193 5187868
0 1 0 1 1 0 0 0
0 1 0 2 1 0 0 0
0 1 0 3 1 0 0 0
0 1 1 3 1 1 -140255 5049675
0 1 0 1 0 1 -141874 4909420
0 1 1 2 0 1 -142915 4767546
0 1 1 0 0 1 -143398 4624631
0 0 0 1 0 0 0 0
0 1 1 0 0 1 -143329 4481233
0 0 0 3 0 0 0 0
0 1 1 1 0 1 -142674 4337904
0 1 1 2 0 1 -141465 4195230
0 0 1 2 0 0 0 0
0 1 1 2 0 1 -139686 4053765
0 1 0 0 0 1 -137379 3914079
0 1 1 3 0 1 -134505 3776700
0 1 1 3 0 1 -131124 3642195
0 1 1 0 0 1 -127209 3511071
0 1 1 0 0 1 -122793 3383862
0 1 1 2 0 1 -117923 3261069
0 1 0 1 0 1 -112565 3143146
0 0 1 1 0 0 0 0
0 1 1 2 0 1 -106781 3030581
0 1 1 1 0 1 -100601 2923800
0 1 0 1 0 1 -94025 2823199
0 1 1 3 0 1 -87103 2729174
0 1 1 3 0 1 -79853 2642071
0 0 0 3 0 0 0 0
0 0 1 2 0 0 0 0
0 1 0 1 0 1 -72309 2562218
0 1 1 2 0 1 -64484 2489909
0 1 1 3 0 1 -56445 2425425
0 1 1 0 0 1 -48199 2368980
0 1 1 3 0 1 -39806 2320781
0 1 0 2 0 1 -31285 2280975
0 1 0 3 0 1 -22674 2249690
0 0 0 0 0 0 0 0
0 1 1 2 0 1 -14029 2227016
0 1 0 1 0 1 -5358 2212987
0 1 1 3 0 1 3305 2207629
0 1 1 2 0 1 11886 2210934
0 1 1 3 0 1 20365 2222820
0 1 0 2 1 0 0 0
0 1 1 2 1 1 28771 2243185
0 1 1 3 0 1 37158 2271956
0 1 1 0 0 1 45551 2309114
0 1 1 1 0 1 53934 2354665
0 1 0 3 0 1 62237 2408599
0 1 1 1 0 1 70422 2470836
0 1 0 3 0 1 78488 2541258
0 1 1 1 0 1 86374 2619746
0 1 1 3 0 1 94055 2706120
0 0 1 3 0 0 0 0
0 1 0 2 0 1 101505 2800175
0 1 1 2 0 1 108676 2901680
0 0 0 3 0 0 0 0
0 1 1 1 0 1 115557 3010356
0 1 1 2 0 1 122089 3125913
0 1 0 2 0 1 128267 3248002
0 1 1 2 0 1 134053 3376269
0 0 0 3 0 0 0 0
0 1 1 0 0 1 139438 3510322
0 1 1 1 0 1 144382 3649760
0 0 0 3 0 0 0 0
0 1 1 1 0 1 148885 3794142
0 0 1 0 0 0 0 0
0 0 1 3 0 0 0 0
0 1 1 3 0 1 152923 3943027
0 1 1 0 0 1 156441 4095950
0 1 0 0 0 1 159477 4252391
0 1 0 1 0 1 161988 4411868
0 1 1 2 0 1 163953 4573856
0 1 1 0 0 1 165399 4737809
0 0 1 2 0 0 0 0
0 1 1 2 0 1 166278 4903208
0 0 1 3 0 0 0 0
0 1 1 1 0 1 166632 5069486
0 1 0 2 0 1 166422 5236118
0 1 1 3 0 1 165677 5402540
0 1 0 1 0 1 164366 5568217
0 1 0 3 0 1 162527 5732583
0 1 1 3 0 1 160166 5895110
0 1 0 1 0 1 157267 6055276
0 1 1 0 1 1 153845 6212543
0 0 0 0 0 0 0 0
0 1 1 1 0 1 149888 6366388
0 1 1 2 0 1 145365 6516276
0 1 1 2 0 1 140306 6661641
0 1 1 2 0 1 134763 6801947
0 0 0 0 0 0 0 0
0 1 1 1 0 1 128728 6936710
0 1 1 3 0 1 122235 7065438
0 0 1 0 0 0 0 0
0 1 1 3 0 1 115302 7187673
0 1 1 2 0 1 107993 7302975
0 1 1 1 0 1 100285 7410968
0 1 1 3 0 1 92268 7511253
0 1 1 2 0 1 83923 7603521
0 1 1 0 0 1 75321 7687444
0 1 1 0 0 1 66511 7762765
0 1 1 3 0 1 57485 7829276
0 1 1 1 0 1 48307 7886761
0 1 1 2 0 1 39037 7935068
0 1 1 3 0 1 29675 7974105
0 0 1 1 0 0 0 0
0 1 1 0 0 1 20281 8003780
0 1 1 3 0 1 10911 8024061
0 1 1 0 0 1 1573 8034972
0 1 1 0 0 1 -7692 8036545
0 1 0 0 0 1 -16805 8028853
0 0 0 0 0 0 0 0
0 1 1 1 0 1 -25777 8012048
0 1 1 1 0 1 -34518 7986271
0 1 1 0 0 1 -43035 7951753
0 1 1 2 0 1 -51272 7908718
0 1 0 2 0 1 -59187 7857446
0 0 1 3 0 0 0 0
0 0 1 1 0 0 0 0
0 1 1 3 0 1 -66754 7798259
0 1 1 1 0 1 -73965 7731505
0 1 0 2 0 1 -80752 7657540
0 1 1 2 0 1 -87085 7576788
0 1 0 2 1 0 0 0
0 1 1 3 1 1 -92987 7489703
0 1 1 0 0 1 -98446 7396716
0 1 1 2 0 1 -103447 7298270
0 1 0 2 0 1 -107998 7194823
0 1 0 0 0 1 -112069 7086825
0 1 0 2 0 1 -115614 6974756
0 1 0 3 0 1 -118656 6859142
0 0 1 0 0 0 0 0
0 0 0 2 0 0 0 0
0 1 1 2 0 1 -121158 6740486
0 0 0 1 0 0 0 0
0 1 1 2 0 1 -123135 6619328
0 1 0 0 0 1 -124545 6496193
0 1 0 0 0 1 -125412 6371648
0 1 1 1 0 1 -125709 6246236
0 1 1 3 0 1 -125433 6120527
0 1 1 3 0 1 -124619 5995094
0 1 0 1 0 1 -123221 5870475
0 1 1 1 0 1 -121286 5747254
0 1 0 2 0 1 -118814 5625968
0 1 1 2 0 1 -115805 5507154
0 1 1 2 0 1 -112291 5391349
0 1 1 3 0 1 -108257 5279058
0 1 0 1 0 1 -103749 5170801
0 1 0 1 0 1 -98756 5067052
0 1 0 1 0 1 -93321 4968296
0 0 1 2 0 0 0 0
0 1 1 0 0 1 -87463 4874975
0 1 1 3 0 1 -81206 4787512
0 0 1 3 0 0 0 0
0 1 0 1 0 1 -74584 4706306
0 0 0 3 0 0 0 0
0 1 1 0 0 1 -67614 4631722
0 1 0 3 0 1 -60349 4564108
0 1 1 2 0 1 -52782 4503759
0 1 0 1 0 1 -44959 4450977
0 0 1 1 0 0 0 0
0 0 1 0 0 0 0 0
0 1 0 0 0 1 -36942 4406018
0 1 0 3 0 1 -28739 4369076
0 1 1 1 1 1 -20405 4340337
0 1 1 0 0 1 -12156 4319932
0 1 1 1 0 1 -4045 4307776
0 1 1 3 0 1 3918 4303731
0 1 1 0 0 1 11669 4307649
0 1 1 0 0 1 19164 4319318
0 1 0 2 0 1 26405 4338482
0 0 1 1 0 0 0 0
0 1 0 3 0 1 33346 4364887
0 1 1 2 0 1 39959 4398233
0 1 0 2 0 1 46215 4438192
0 0 1 1 0 0 0 0
0 1 1 1 0 1 52084 4484407
0 0 1 1 0 0 0 0
0 1 1 2 0 1 57549 4536491
0 0 1 3 0 0 0 0
0 1 1 0 0 1 62563 4594040
0 1 1 1 0 1 67133 4656603
0 1 1 1 0 1 71215 4723736
0 0 1 2 0 0 0 0
0 1 1 3 0 1 74821 4794951
0 1 1 2 0 1 77911 4869772
0 1 1 0 0 1 80485 4947683
0 1 1 1 0 1 82543 5028168
0 1 0 2 0 1 84033 5110711
0 0 1 1 0 0 0 0
0 1 1 3 0 1 84999 5194744
0 0 1 3 0 0 0 0
0 1 1 3 0 1 85404 5279743
0 1 1 3 0 1 85245 5365147
0 1 1 0 0 1 84549 5450392
0 1 1 2 0 1 83286 5534941
0 1 1 3 0 1 81495 5618227
0 1 1 3 0 1 79164 5699722
0 1 0 1 0 1 76319 5778886
0 1 0 3 0 1 72938 5855205
0 0 1 2 0 0 0 0
0 1 1 1 0 1 69065 5928143
0 0 1 3 0 0 0 0
0 1 1 1 0 1 64724 5997208
0 1 1 1 0 1 59905 6061932
0 1 1 2 1 1 54711 6121837
0 1 1 0 0 1 49478 6176548
0 1 0 0 0 1 44291 6226026
0 1 0 0 0 1 39158 6270317
0 1 1 3 0 1 34121 6309475
0 1 1 0 0 1 29206 6343596
0 1 1 1 0 1 24416 6372802
0 1 1 3 0 1 19774 6397218
0 1 0 1 0 1 15307 6416992
0 1 1 1 0 1 11029 6432299
0 0 1 2 0 0 0 0
0 0 0 2 0 0 0 0
0 1 0 3 0 1 6964 6443328
0 1 1 3 0 1 3121 6450292
0 1 1 2 0 1 -467 6453413
0 1 1 2 0 1 -3801 6452946
0 1 1 2 0 1 -6855 6449145
0 1 1 1 0 1 -9634 6442290
0 1 0 2 0 1 -12106 6432656
0 1 0 2 0 1 -14271 6420550
0 1 1 1 0 1 -16129 6406279
0 1 0 2 0 1 -17643 6390150
0 1 1 1 0 1 -18839 6372507
0 0 1 3 0 0 0 0
0 1 0 2 0 1 -19692 6353668
0 1 0 3 0 1 -20195 6333976
0 0 1 3 0 0 0 0
0 0 1 1 0 0 0 0
0 1 1 0 0 1 -20365 6313781
0 1 0 2 0 1 -20178 6293416
0 1 1 1 0 1 -19656 6273238
0 1 1 3 0 1 -18794 6253582
0 0 1 3 0 0 0 0
0 1 0 2 0 1 -17599 6234788
0 1 0 1 0 1 -16058 6217189
0 1 1 3 0 1 -14197 6201131
0 1 0 2 0 1 -12026 6186934
0 1 0 0 0 1 -9537 6174908
0 0 1 0 1 0 0 0
0 1 1 1 1 1 -6815 6165371
0 1 1 3 0 1 -4142 6158556
0 1 0 1 0 1 -1595 6154414
0 1 1 3 0 1 826 6152819
0 1 1 2 0 1 3103 6153645
0 1 1 3 0 1 5218 6156748
0 1 1 1 0 1 7175 6161966
0 0 1 0 0 0 0 0
0 1 1 3 0 1 8962 6169141
0 1 1 3 0 1 10573 6178103
0 1 0 3 0 1 11995 6188676
0 1 1 3 0 1 13228 6200671
0 1 1 2 0 1 14263 6213899
0 1 1 1 0 1 15091 6228162
0 1 0 1 0 1 15721 6243253
0 1 0 1 0 1 16135 6258974
0 1 1 3 0 1 16347 6275109
0 1 1 0 0 1 16347 6291456
0 1 1 0 0 1 16135 6307803
0 1 1 1 0 1 15721 6323938
0 1 1 3 0 1 15091 6339659
0 1 1 1 0 1 14263 6354750
0 0 1 2 0 0 0 0
0 1 1 1 0 1 13228 6369013
0 1 1 3 0 1 11995 6382241
0 1 0 1 0 1 10573 6394236
0 1 1 3 0 1 8962 6404809
0 1 0 2 0 1 7175 6413771
0 1 1 2 0 1 5218 6420946
0 1 0 3 0 1 3103 6426164
0 1 1 2 0 1 826 6429267
0 1 0 1 0 1 -1595 6430093
0 0 0 0 0 0 0 0
0 1 1 2 0 1 -4142 6428498
0 1 1 1 0 1 -6815 6424356
0 1 0 2 1 0 0 0
0 1 1 3 1 1 -9537 6417541
0 1 1 2 0 1 -12026 6408004
0 1 1 2 0 1 -14197 6395978
0 1 0 0 0 1 -16058 6381781
0 1 1 1 0 1 -17599 6365723
0 1 1 2 0 1 -18794 6348124
0 1 1 2 0 1 -19656 6329330
0 1 1 1 0 1 -20178 6309674
0 0 1 0 0 0 0 0
0 1 0 3 0 1 -20365 6289496
0 1 1 1 0 1 -20195 6269131
0 1 0 2 0 1 -19692 6248936
0 1 0 0 0 1 -18839 6229244
0 1 1 0 0 1 -17643 6210405
0 1 0 1 0 1 -16129 6192762
0 1 0 1 0 1 -14271 6176633
0 1 1 3 0 1 -12106 6162362
0 1 0 3 0 1 -9634 6150256
0 1 0 1 0 1 -6855 6140622
0 1 1 1 0 1 -3801 6133767
0 1 1 3 0 1 -467 6129966
0 1 1 1 0 1 3121 6129499
0 1 1 2 0 1 6964 6132620
0 1 1 1 0 1 11029 6139584
0 1 1 0 0 1 15307 6150613
0 1 1 0 0 1 19774 6165920
0 1 1 0 0 1 24416 6185694
0 1 1 1 0 1 29206 6210110
0 1 1 2 0 1 34121 6239316
0 0 1 3 0 0 0 0
0 1 1 0 0 1 39158 6273437
0 1 1 0 0 1 44291 6312595
0 0 1 2 0 0 0 0
0 0 1 1 0 0 0 0
0 1 0 0 0 1 49478 6356886
0 1 1 2 0 1 54711 6406364
0 1 1 1 1 1 59945 6461075
0 1 0 2 0 1 64994 6521020
0 1 0 2 0 1 69805 6586014
0 1 1 2 0 1 74378 6655819
0 1 1 1 0 1 78679 6730197
0 0 1 3 0 0 0 0
0 1 1 3 0 1 82674 6808876
0 0 1 0 0 0 0 0
0 1 1 3 0 1 86375 6891550
0 1 0 3 0 1 89746 6977925
0 1 1 0 0 1 92789 7067671
0 1 1 0 0 1 95475 7160460
0 1 1 2 0 1 97804 7255935
0 1 1 1 0 1 99759 7353739
0 1 1 1 0 1 101323 7453498
0 1 1 3 0 1 102513 7554821
0 1 0 2 0 1 103295 7657334
0 1 1 2 0 1 103691 7760629
0 1 0 3 0 1 103691 7864320
0 1 0 1 0 1 103295 7968011
0 1 1 2 0 1 102513 8071306
0 0 1 1 0 0 0 0
0 0 1 1 0 0 0 0
0 1 1 1 0 1 101323 8173819
0 0 1 0 0 0 0 0
0 1 1 0 0 1 99759 8275142
0 1 0 1 0 1 97804 8374901
0 1 1 0 0 1 95475 8472705
0 1 1 2 0 1 92789 8568180
0 1 1 1 0 1 89746 8660969
0 1 0 2 0 1 86375 8750715
0 1 1 1 0 1 82674 8837090
0 1 0 3 0 1 78679 8919764
0 0 1 0 0 0 0 0
0 0 1 1 0 0 0 0
0 1 1 1 0 1 74378 8998443
0 1 1 3 0 1 69805 9072821
0 0 0 0 0 0 0 0
0 1 0 2 0 1 64994 9142626
0 0 1 2 0 0 0 0
0 1 0 1 0 1 59945 9207620
0 1 1 0 1 1 54647 9267565
0 1 1 1 0 1 49046 9322212
0 1 1 1 0 1 43107 9371258
0 1 1 2 0 1 36854 9414365
0 1 1 3 0 1 30345 9451219
0 1 1 0 0 1 23590 9481564
0 0 0 1 0 0 0 0
0 0 0 0 0 0 0 0
0 1 1 0 0 1 16608 9505154
0 1 1 2 0 1 9438 9521762
0 1 1 3 0 1 2123 9531200
0 0 1 3 0 0 0 0
0 0 1 2 0 0 0 0
0 0 0 1 0 0 0 0
0 1 0 0 0 1 -5339 9533323
0 1 1 3 0 1 -12876 9527984
0 1 1 0 0 1 -20495 9515108
0 1 1 1 0 1 -28131 9494613
0 1 1 0 0 1 -35753 9466482
0 1 0 1 0 1 -43351 9430729
0 1 1 2 0 1 -50882 9387378
0 1 0 3 0 1 -58298 9336496
0 1 1 1 0 1 -65599 9278198
0 1 1 3 0 1 -72737 9212599
0 1 1 0 0 1 -79659 9139862
0 1 1 0 0 1 -86375 9060203
0 1 1 1 0 1 -92844 8973828
0 1 0 0 0 1 -99011 8880984
0 0 1 1 0 0 0 0
0 1 0 3 0 1 -104893 8781973
0 1 0 1 0 1 -110418 8677080
0 0 1 3 0 0 0 0
0 1 0 2 0 1 -115608 8566662
0 1 0 0 0 1 -120410 8451054
0 0 1 2 0 0 0 0
0 1 1 3 0 1 -124815 8330644
0 1 1 1 0 1 -128794 8205829
0 1 1 3 0 1 -132357 8077035
0 1 1 2 0 1 -135466 7944678
0 1 1 0 0 1 -138097 7809212
0 1 1 1 1 1 -140335 7671115
0 1 0 1 0 1 -142414 7530780
0 0 1 3 0 0 0 0
0 1 1 0 0 1 -144395 7388366
0 0 1 3 0 0 0 0
0 1 1 1 0 1 -146278 7243971
0 1 1 0 0 1 -148049 7097693
0 1 0 3 0 1 -149694 6949644
0 1 1 0 0 1 -151225 6799950
0 1 1 1 0 1 -152606 6648725
0 0 1 2 0 0 0 0
0 1 1 1 0 1 -153859 6496119
0 1 0 0 0 1 -154965 6342260
0 1 1 1 0 1 -155924 6187295
0 1 0 0 0 1 -156729 6031371
0 1 1 2 0 1 -157373 5874642
0 0 1 2 0 0 0 0
0 1 1 0 0 1 -157863 5717269
0 1 0 0 0 1 -158185 5559406
0 1 1 3 0 1 -158341 5401221
0 1 1 0 0 1 -158341 5242880
0 0 1 3 0 0 0 0
0 1 1 3 0 1 -158185 5084539
0 1 1 2 0 1 -157863 4926354
0 1 1 0 0 1 -157373 4768491
0 0 1 2 0 0 0 0
0 1 1 0 0 1 -156729 4611118
0 1 0 1 0 1 -155924 4454389
